timestamp,cpu,ram,disk,bytes_sent,bytes_received
2026-09-15 10:28:36,79.3,93.2,98.6,94122934,2107433876
2026-09-15 10:28:42,51.9,93.1,98.6,94168212,2107954715
2026-09-15 10:28:48,32.5,92.2,98.6,94192132,2108676838
2026-09-15 10:28:54,70.0,92.8,98.6,94215525,2109407252
2026-09-15 10:29:00,67.9,93.8,98.6,94253086,2110112842
2026-09-15 10:29:06,90.3,94.7,98.6,94317400,2111037232
2026-09-15 10:29:12,87.3,96.0,98.6,94360540,2111731259
2026-09-15 10:29:18,69.2,96.2,98.6,94458686,2112751647
2026-09-15 10:29:24,70.7,96.6,98.6,94594172,2114106798
2026-09-15 10:29:30,60.0,95.8,98.6,94706126,2115349219
2026-09-15 20:27:49,93.5,91.8,81.1,81116106,988300430
2026-09-15 20:27:55,59.9,92.1,81.1,81189711,988574419
2026-09-15 20:28:01,57.7,91.9,81.1,81229995,988723322
2026-09-15 20:28:07,63.5,86.5,81.1,81250186,988864947
2026-09-15 20:28:13,46.6,87.2,81.1,81258642,989003262
2026-09-15 20:28:19,76.8,85.5,81.1,81278199,989141984
2026-09-15 20:28:25,81.2,87.6,81.1,81335034,989311670
2026-09-15 20:28:31,79.9,89.4,81.1,81392864,989442550
2026-09-15 20:28:37,83.3,90.4,81.1,81421680,989592068
2026-09-15 20:28:44,100.0,91.7,81.1,81440993,989709091
2026-09-15 20:28:50,100.0,92.7,81.1,81482154,989843546
2026-09-15 20:28:56,100.0,94.0,81.1,81503665,989944530
2026-09-15 20:29:02,93.2,94.3,81.1,81509174,990057914
2026-09-15 20:29:08,86.8,93.1,81.1,81529969,990156880
2026-09-15 20:29:14,99.6,94.1,81.1,81648511,990322631
2026-09-15 20:29:20,39.6,91.4,81.1,81678635,990429635
2026-09-15 20:29:26,46.6,88.4,81.1,81684883,990512601
2026-09-15 20:29:32,65.2,88.3,81.1,81689782,990582373
2026-09-15 20:29:39,26.3,86.2,81.1,81712249,991382985
2026-09-15 20:29:51,99.3,87.7,81.1,81856658,993689590
2026-09-15 20:29:57,37.5,87.5,81.1,81883745,994631056
2026-09-15 20:30:03,65.2,88.9,81.1,81926050,995819004
2026-09-15 20:30:09,47.3,89.5,81.1,81981894,997273714
2026-09-15 20:30:15,72.3,89.9,81.1,82030683,998673373
2026-09-15 20:30:21,68.6,88.8,81.1,82076755,1000098165
2026-09-15 20:30:27,54.3,89.4,81.1,82113457,1001520417
2026-09-15 20:30:33,50.4,90.0,81.1,82146297,1002791656
2026-09-15 20:30:39,93.3,92.8,81.1,82218515,1004274834
2026-09-15 20:30:46,100.0,94.4,81.1,82284738,1005872853
2026-09-15 20:30:52,60.1,91.9,81.1,82334153,1007375796
2026-09-15 20:30:58,47.1,91.2,81.1,82369687,1008909958
2026-09-15 20:31:04,41.8,90.0,81.1,82395434,1009932401
2026-09-15 20:31:10,48.3,90.0,81.1,82449050,1010689190
2026-09-15 20:31:16,55.7,90.5,81.1,82561440,1011309815
2026-09-15 20:31:22,40.3,89.8,81.1,82623323,1012201629
2026-09-15 20:31:28,42.3,89.9,81.1,82752737,1013364031
2026-09-15 20:31:35,37.6,89.9,81.1,82852949,1014284139
2026-09-15 20:31:41,67.4,89.8,81.1,82990733,1015246994
2026-09-15 20:31:47,47.3,90.1,81.1,83141980,1016226976
2026-09-15 20:31:53,44.1,90.4,81.1,83234432,1017178032
2026-09-15 20:31:59,37.5,90.3,81.1,83285746,1018339229
2026-09-15 20:32:05,26.4,90.2,81.1,83324438,1019724474
2026-09-15 20:32:11,47.9,90.4,81.1,83425458,1021385527
2026-09-15 20:32:17,28.2,90.3,81.1,83493257,1022708439
2026-09-15 20:32:23,37.4,90.2,81.1,83561415,1025225656
2026-09-15 20:32:29,34.7,90.1,81.1,83636224,1027726488
2026-09-15 20:32:35,54.4,89.9,81.1,83727237,1029455031
2026-09-15 20:32:41,48.6,90.3,81.1,83860002,1029872609
2026-09-15 20:32:47,44.2,90.5,81.1,83968442,1030122888
2026-09-15 20:32:53,49.2,90.3,81.1,84031419,1030832393
2026-09-15 20:32:59,25.3,90.4,81.1,84059252,1031395010
2026-09-15 20:33:05,44.2,90.1,81.1,84090009,1031856107
2026-09-15 20:33:11,46.0,83.9,81.1,84174907,1032988401
2026-09-15 20:33:17,29.0,84.0,81.1,84213051,1033561809
2026-09-15 20:33:23,36.2,84.0,81.1,84258971,1034375241
2026-09-15 20:33:29,27.4,84.2,81.1,84292403,1035233170
2026-09-15 20:33:35,30.5,83.3,81.1,84306788,1035664280
2026-09-15 20:33:41,21.7,82.9,81.1,84352847,1036408662
2026-09-15 20:33:47,29.3,82.8,81.1,84364475,1036751484
2026-09-15 20:33:53,31.7,82.8,81.1,84370748,1036869609
2026-09-15 20:33:59,29.0,82.8,81.1,84400815,1036972954
2026-09-15 20:34:05,45.8,83.2,81.1,84411814,1037216811
2026-09-15 20:34:12,39.5,83.2,81.1,84431361,1037324187
2026-09-15 20:34:18,35.6,83.0,81.1,84446459,1037495434
2026-09-15 20:34:24,71.2,83.7,81.1,84457942,1037588110
2026-09-15 20:34:30,39.1,83.9,81.1,84463943,1037685020
2026-09-15 20:34:36,47.7,84.1,81.1,84472289,1037910970
2026-09-15 20:34:42,31.5,84.8,81.1,84476503,1038001266
2026-09-15 20:34:48,84.2,85.7,81.1,84567002,1038152509
2026-09-15 20:34:54,59.8,86.2,81.1,84593363,1038247397
2026-09-15 20:35:00,44.6,86.3,81.1,84601525,1038334499
2026-09-15 20:35:06,45.8,86.5,81.1,84609501,1038410530
2026-09-15 20:35:12,57.4,86.5,81.1,84612609,1038473314
2026-09-15 20:35:18,47.3,86.9,81.1,84634269,1038579622
2026-09-15 20:35:24,35.2,86.2,81.1,84684807,1038701748
2026-09-15 20:35:30,20.3,85.2,81.1,84696749,1038912360
2026-09-15 20:35:36,32.1,85.5,81.1,84703362,1038988636
2026-09-15 20:35:42,24.2,85.3,81.1,84722141,1039104520
2026-09-15 20:35:48,50.2,85.3,81.1,84727145,1039207927
2026-09-15 20:35:54,49.6,85.0,81.1,84732423,1039337284
2026-09-15 20:36:00,40.8,85.9,81.1,84742869,1039568756
2026-09-15 20:36:06,79.1,87.4,81.1,84830190,1039679120
2026-09-15 20:36:12,70.5,87.6,81.1,84885572,1039781258
2026-09-15 20:36:18,55.4,87.2,81.1,84964029,1039893226
2026-09-15 20:36:24,35.6,87.4,81.1,84989163,1040008197
2026-09-15 20:36:30,29.7,87.2,81.1,85002426,1040283432
2026-09-15 20:36:36,30.5,86.7,81.1,85006004,1040358583
2026-09-15 20:36:43,100.0,87.1,81.1,85012284,1040457627
2026-09-15 20:36:49,44.1,86.9,81.1,85025506,1040568755
2026-09-15 20:36:55,43.1,86.7,81.1,85030899,1040660387
2026-09-15 20:37:01,31.0,86.7,81.1,85036124,1040754078
2026-09-15 20:37:07,64.8,87.4,81.1,85112236,1040976816
2026-09-15 20:37:13,71.8,87.2,81.1,85164355,1041683612
2026-09-15 20:37:19,51.3,87.4,81.1,85193355,1041805134
2026-09-15 20:37:25,67.3,87.2,81.1,85235874,1041964226
2026-09-15 20:37:31,75.1,87.7,81.1,85242968,1042045903
2026-09-15 20:37:37,55.9,88.0,81.1,85277650,1042229672
2026-09-15 20:37:43,64.3,85.5,81.1,85349116,1042427105
2026-09-15 20:37:49,52.4,77.5,81.1,85353947,1042523518
2026-09-15 20:37:55,48.5,78.9,81.1,85363597,1042660657
2026-09-15 20:38:01,45.6,79.3,81.1,85380495,1042794578
2026-09-15 20:38:07,57.7,79.3,81.1,85460727,1042944065
2026-09-15 20:38:13,87.2,80.5,81.1,85591225,1043138549
2026-09-15 20:38:19,95.8,83.3,81.1,85662958,1043295272
2026-09-15 20:38:25,62.4,81.3,81.1,85719945,1043392441
2026-09-15 20:38:31,52.1,79.7,81.1,85746668,1043534041
2026-09-15 20:38:38,50.2,80.2,81.1,85786976,1043722723
2026-09-16 18:35:04,100.0,87.1,80.8,26389216,61951264
2026-09-16 18:35:10,99.6,89.5,80.8,26659007,62242088
2026-09-16 18:35:16,100.0,92.5,80.8,26732682,62466634
2026-09-16 18:35:22,100.0,94.2,80.8,26799455,62834636
2026-09-16 18:35:28,44.1,93.9,80.8,26885228,63185946
2026-09-16 18:35:34,81.0,92.3,80.8,26951922,63410084
2026-09-16 18:35:40,57.8,92.0,80.8,27042931,63698825
2026-09-16 18:35:46,97.3,92.6,80.8,27170107,64067437
2026-09-16 18:35:52,41.8,93.1,80.8,27528463,64495161
2026-09-16 18:35:59,48.9,94.9,80.8,27681216,64855628
2026-09-16 18:36:05,98.7,94.3,80.8,27819163,65408461
2026-09-16 18:36:11,30.4,93.2,80.8,27889473,65692882
2026-09-16 18:36:17,38.9,91.3,80.8,27962181,66082939
2026-09-16 18:36:23,38.6,91.6,80.8,28021404,66497627
2026-09-16 18:36:29,71.7,92.3,80.8,28090004,66729057
2026-09-16 18:36:35,38.5,91.5,80.8,28136699,66918322
2026-09-16 18:36:42,35.5,90.4,80.8,28185293,67002361
2026-09-16 18:36:48,45.1,91.2,80.8,28253026,67073824
2026-09-16 18:36:54,99.3,92.4,80.8,28393758,67232514
2026-09-16 18:37:00,39.2,92.2,80.8,28452058,67534386
2026-09-16 18:37:06,72.4,93.1,80.8,28484114,67681537
2026-09-16 18:37:12,40.7,93.4,80.8,28847707,67801452
2026-09-16 18:37:18,69.7,93.6,80.8,28855575,67896315
2026-09-16 18:37:24,37.4,94.0,80.8,28908535,68179633
2026-09-16 18:37:30,55.8,94.8,80.8,28942045,68209981
2026-09-16 18:37:36,68.8,94.5,80.8,29045132,68322452
2026-09-16 18:37:42,21.0,91.2,80.8,29217066,68551279
2026-09-16 18:37:48,51.3,88.8,80.8,29329312,68672158
2026-09-16 18:37:54,34.7,87.8,80.8,29432305,68878565
2026-09-16 18:38:00,58.5,88.5,80.8,29552225,69373916
2026-09-16 18:38:06,63.1,88.0,80.8,29634999,69645333
2026-09-16 18:38:12,53.6,88.4,80.8,29842490,69775472
2026-09-16 18:38:18,62.0,89.0,80.8,29853526,69901991
2026-09-16 18:38:24,22.9,89.2,80.8,29896483,70059175
2026-09-17 10:25:24,93.8,93.7,81.0,4538731,23110212
2026-09-17 10:25:30,100.0,93.2,81.0,4566054,23114788
2026-09-17 10:25:36,97.4,91.9,81.0,4652230,23213090
2026-09-17 10:25:42,100.0,92.3,81.0,4664555,23245486
2026-09-17 11:38:52,50.2,87.8,82.2,59578668,764355086
2026-09-17 11:38:58,68.9,87.4,82.2,59613464,764852580
2026-09-17 11:39:04,58.8,88.2,82.2,59673899,765676503
2026-09-17 11:39:10,5.8,86.4,82.2,59700036,766406541
2026-09-17 11:39:16,5.0,86.1,82.2,59723142,767200685
2026-09-17 11:39:23,65.5,84.8,82.2,59757043,767968649
2026-09-17 11:39:29,39.7,85.2,82.2,59799496,769159511
2026-09-17 11:39:35,89.9,86.7,82.2,59874553,770713169
2026-09-17 11:39:41,97.8,86.9,82.2,59944844,771887030
2026-09-17 11:39:47,31.9,89.6,82.2,60029319,773618508
2026-09-17 11:39:53,45.4,89.0,82.2,60058088,774357069
2026-09-17 11:39:59,12.8,89.9,82.2,60105327,775667356
2026-09-17 11:40:05,66.4,88.1,82.2,60150531,776290147
2026-09-17 11:40:11,23.0,88.4,82.2,60237953,777487197
2026-09-17 11:40:17,22.2,88.8,82.2,60279475,778325480
2026-09-17 11:40:23,14.0,89.4,82.2,60286827,778497999
2026-09-17 11:40:29,51.0,89.5,82.2,60333173,779155049
2026-09-17 11:40:35,68.7,89.6,82.2,60364503,779538183
2026-09-17 11:40:41,76.2,89.5,82.2,60578600,779827484
2026-09-17 11:40:47,58.0,89.7,82.2,60666246,780119151
2026-09-17 11:40:53,80.9,89.1,82.2,60736971,780666744
2026-09-17 11:41:00,64.6,89.8,82.2,60771466,780917359
2026-09-17 11:41:06,81.9,89.6,82.2,60784110,781282867
2026-09-17 11:41:12,62.1,89.7,82.2,60798315,781609182
2026-09-17 11:41:18,47.9,90.0,82.2,60827504,781979346
2026-09-17 11:41:24,60.2,89.8,82.2,60842088,782362490
2026-09-17 11:41:30,81.6,90.4,82.2,60867229,782761257
2026-09-17 11:41:36,73.6,90.7,82.2,60900001,783371719
2026-09-17 11:41:42,66.4,89.4,82.2,60915485,783607015
2026-09-17 11:41:48,17.6,87.0,82.2,60926317,783888783
2026-09-17 11:41:54,30.4,87.1,82.2,61037489,784575908
2026-09-17 11:42:00,35.0,87.3,82.2,61078077,785162083
2026-09-17 11:42:06,82.4,85.3,82.2,61085631,785371917
2026-09-17 11:42:12,38.1,86.6,82.2,61108316,785685708
2026-09-17 11:42:18,28.8,85.8,82.2,61118519,785956162
2026-09-17 11:42:24,52.1,85.5,82.2,61157382,786121606
2026-09-17 11:42:30,100.0,87.9,82.2,61189193,786769985
2026-09-17 11:42:36,79.5,88.7,82.2,61273675,787510199
2026-09-17 11:42:42,60.5,90.3,82.2,61326369,788475439
2026-09-17 11:42:48,99.3,94.5,82.2,61386854,788888652
2026-09-17 11:42:54,41.4,92.2,82.2,61475812,789368038
2026-09-17 11:43:00,53.2,93.2,82.2,61552964,789743126
2026-09-17 11:43:06,64.9,92.3,82.2,61580593,790080982
2026-09-17 11:43:12,25.1,91.3,82.2,61617192,790325040
2026-09-17 11:43:19,88.0,89.1,82.2,61645839,790716485
2026-09-17 11:43:25,6.2,89.0,82.2,61676751,791013287
2026-09-17 11:43:31,17.7,89.7,82.2,61726031,791272845
2026-09-17 11:43:37,54.4,85.9,82.2,61735260,791573716
2026-09-17 11:43:43,4.3,85.8,82.2,61762923,792134745
2026-09-17 11:43:49,11.7,84.4,82.2,61774285,792543049
2026-09-17 11:43:55,15.9,84.2,82.2,61788142,792983255
2026-09-17 11:44:01,24.8,84.6,82.2,61808147,793238926
2026-09-17 11:44:07,54.2,84.6,82.2,61815906,793436483
2026-09-17 11:44:13,16.3,84.5,82.2,61856630,794444619
2026-09-17 11:44:19,14.1,84.5,82.2,61924364,795270138
2026-09-17 11:44:25,38.0,85.1,82.2,62087362,795467680
2026-09-17 11:44:31,16.3,85.8,82.2,62205693,795624543
2026-09-17 11:44:37,52.6,86.0,82.2,62266547,796156888
2026-09-17 11:44:43,14.4,87.5,82.2,62333614,796582347
2026-09-17 11:44:49,54.7,87.7,82.2,62372710,796779482
2026-09-17 11:44:55,44.5,85.3,82.2,62502357,797106550
2026-09-17 11:45:01,18.6,85.7,82.2,62585281,797400820
2026-09-17 11:45:07,79.8,85.3,82.2,62627840,798009754
2026-09-17 11:45:13,73.6,86.7,82.2,62647120,798522380
2026-09-17 11:45:19,32.4,86.6,82.2,62670846,798879380
2026-09-17 11:45:25,14.3,86.5,82.2,62709717,799128528
2026-09-17 11:45:32,96.8,85.4,82.2,62736355,799860117
2026-09-17 11:45:38,52.3,85.0,82.2,62759433,800172622
2026-09-17 11:45:44,43.6,85.9,82.2,62812300,800514401
2026-09-17 11:45:50,39.0,87.8,82.2,62968981,801023222
2026-09-17 11:45:56,46.1,87.5,82.2,63067996,801287418
2026-09-17 11:46:02,36.0,88.0,82.2,63095106,801799350
2026-09-17 11:46:08,81.0,88.3,82.2,63169727,802171922
2026-09-17 11:46:14,66.8,88.6,82.2,63198056,802480887
2026-09-17 11:46:20,65.3,88.3,82.2,63283024,802818237
2026-09-17 11:46:26,69.7,86.0,82.2,63324008,803221053
2026-09-17 11:46:32,73.4,86.7,82.2,63396750,803466634
2026-09-17 11:46:38,96.6,89.2,82.2,63443629,804077830
2026-09-17 11:46:44,16.3,87.9,82.2,63555569,804620137
2026-09-17 11:46:50,26.5,88.5,82.2,63577793,805232133
2026-09-17 11:46:56,19.1,85.7,82.2,63645413,805456136
2026-09-17 11:47:02,26.6,85.4,82.2,63687606,805830382
2026-09-17 11:47:08,55.6,85.5,82.2,63699067,806214340
2026-09-17 11:47:14,14.5,84.0,82.2,63707540,806412139
2026-09-17 11:47:20,47.1,84.1,82.2,63729267,806589212
2026-09-17 11:47:27,56.1,84.9,82.2,63790359,807003731
2026-09-17 11:47:33,65.1,88.2,82.2,63868262,807396914
2026-09-17 11:47:39,63.4,89.3,82.2,63883637,807867507
2026-09-17 11:47:45,58.8,88.7,82.2,63900760,808440591
2026-09-17 11:47:51,26.7,89.6,82.2,63913524,808777152
2026-09-17 11:47:57,40.8,89.5,82.2,63922162,809055262
2026-09-17 11:48:03,61.7,89.7,82.2,64010897,809197844
2026-09-17 11:48:09,78.3,89.6,82.2,64026931,809504143
2026-09-17 11:48:15,98.1,88.0,82.2,64057846,809884358
2026-09-17 11:48:21,57.6,88.8,82.2,64226635,810504853
2026-09-17 11:48:27,92.1,89.2,82.2,64298594,811009075
2026-09-17 11:48:33,43.2,90.2,82.2,64510606,811895691
2026-09-17 11:48:39,44.8,90.2,82.2,64583479,812482861
2026-09-17 11:48:45,51.0,90.0,82.2,64608072,813037584
2026-09-17 11:48:51,91.9,90.2,82.3,64631617,813205681
2026-09-17 11:48:58,78.3,92.3,82.3,64699161,813378241
2026-09-17 11:49:04,88.6,89.7,82.3,64838237,814308945
2026-09-17 11:49:10,56.8,89.6,82.3,64884911,815300385
2026-09-17 11:49:16,62.4,88.9,82.3,64915306,815862434
2026-09-17 11:49:22,59.8,89.0,82.3,64949981,816618418
2026-09-17 11:49:28,28.9,89.6,82.3,65007167,817871980
2026-09-17 11:49:34,62.3,89.3,82.3,65032987,818745267
2026-09-17 11:49:40,40.9,89.3,82.3,65048029,819349271
2026-09-17 11:49:46,30.6,89.3,82.3,65066511,819527528
2026-09-17 11:49:52,57.4,89.3,82.3,65076884,819811544
2026-09-17 11:49:58,34.8,89.5,82.3,65082906,819946124
2026-09-17 11:50:04,27.6,89.5,82.3,65131823,820290273
2026-09-17 11:50:10,93.7,90.5,82.3,65146374,820683519
2026-09-17 11:50:16,100.0,91.5,82.3,65176542,820876228
2026-09-17 11:50:22,84.2,90.3,82.3,65230306,821074858
2026-09-17 11:50:28,57.6,90.5,82.3,65319380,821294655
2026-09-17 11:50:34,37.0,91.1,82.3,65443613,821461786
2026-09-17 11:50:40,49.6,91.7,82.3,65488315,821782436
2026-09-17 11:50:46,54.3,91.0,82.3,65501491,822055612
2026-09-17 11:50:52,92.1,93.2,82.3,65560800,822914022
2026-09-17 11:50:58,48.2,92.3,82.3,65592522,824104809
2026-09-17 11:51:05,8.2,90.5,82.3,65634514,825513007
2026-09-17 11:51:11,27.3,90.4,82.3,65686860,825855429
2026-09-17 11:51:17,99.3,90.2,82.3,65701550,826277846
2026-09-17 11:51:23,64.5,91.8,82.3,65741466,826579765
2026-09-17 11:51:29,95.2,90.5,82.3,65790899,826923832
2026-09-17 11:51:35,38.8,91.3,82.3,65848883,827444354
2026-09-17 11:51:41,32.4,92.0,82.3,65865204,827958154
2026-09-17 11:51:47,40.7,92.7,82.3,65889294,829036318
2026-09-17 11:51:53,56.4,92.2,82.3,65900132,829391370
2026-09-17 11:51:59,64.3,92.1,82.3,66038245,830507015
2026-09-17 11:52:05,46.3,91.5,82.3,66067493,831680910
2026-09-17 11:52:11,73.0,92.2,82.3,66098182,832714699
2026-09-17 11:52:17,46.9,91.5,82.3,66140045,833371647
2026-09-17 11:52:23,78.5,92.5,82.3,66198717,833810280
2026-09-17 11:52:29,52.3,92.4,82.3,66357504,834239407
2026-09-17 11:52:35,60.8,92.1,82.3,66403401,834675484
2026-09-17 11:52:41,73.7,92.6,82.3,66460852,835255574
2026-09-17 11:52:47,76.2,95.1,82.3,66507679,835748031
2026-09-17 11:52:53,89.1,94.2,82.3,66552043,836483800
2026-09-17 11:52:59,85.6,94.9,82.3,66592636,837447232
2026-09-17 11:53:06,100.0,95.4,82.3,66628348,837979416
2026-09-17 11:53:12,95.0,90.9,82.3,66717465,838753631
2026-09-17 11:53:18,55.7,89.3,82.3,66795305,840000730
2026-09-17 11:53:24,73.4,86.9,82.3,66890749,841853831
2026-09-17 11:53:30,89.6,87.5,82.3,66994925,843543350
2026-09-17 11:53:36,86.2,86.6,82.3,67092866,844273402
2026-09-17 11:53:43,100.0,87.3,82.3,67124748,845390569
2026-09-17 11:53:49,38.6,85.9,82.3,67184321,846278738
2026-09-17 11:53:55,68.4,85.4,82.5,67225164,847179514
2026-09-17 11:54:01,94.6,85.5,82.5,67232184,847419857
2026-09-17 11:54:08,100.0,86.6,82.5,67234664,847501273
2026-09-17 11:54:14,100.0,88.0,82.5,67251922,847673451
2026-09-17 11:54:20,75.4,87.7,82.5,67264533,847779857
2026-09-17 11:54:26,49.8,86.6,82.5,67295016,848078362
2026-09-17 11:54:32,93.7,87.4,82.5,67354371,848451573
2026-09-17 11:54:38,91.6,87.0,82.5,67365435,848749110
2026-09-17 11:54:45,100.0,88.5,82.5,67494882,849193165
2026-09-17 11:54:51,100.0,89.4,82.5,67557933,849482595
2026-09-17 11:54:57,86.4,90.3,82.3,67625866,850161754
2026-09-17 11:55:04,100.0,90.7,82.3,67711357,851147521
2026-09-17 11:55:11,100.0,92.9,82.3,67729289,851467268
2026-09-17 11:55:17,100.0,93.3,82.3,67792391,851732461
2026-09-17 11:55:23,100.0,95.3,82.3,67837953,852034174
2026-09-17 11:55:29,28.9,89.8,82.3,67955216,852293204
2026-09-17 11:55:35,68.8,89.7,82.3,68017716,852560812
2026-09-17 11:55:41,70.0,88.0,82.3,68036996,852964218
2026-09-17 11:55:47,32.2,89.3,82.3,68077650,853274796
2026-09-17 11:55:53,26.3,89.1,82.3,68087589,853524485
2026-09-17 11:55:59,33.6,89.2,82.3,68111790,854383366
2026-09-17 11:56:00,75.0,89.7,82.3,68116058,854448715
2026-09-17 11:56:05,100.0,92.3,82.3,68144970,854744602
2026-09-17 11:56:06,99.6,92.8,82.3,68151364,854800689
2026-09-17 11:56:12,100.0,91.8,82.3,68238983,855137055
2026-09-17 11:56:13,100.0,92.1,82.3,68240144,855164959
2026-09-17 11:56:18,98.1,92.6,82.3,68269207,855292155
2026-09-17 11:56:19,100.0,92.4,82.3,68270024,855316946
2026-09-17 11:56:24,87.4,93.4,82.3,68287657,855807254
2026-09-17 11:56:25,78.2,93.3,82.3,68288661,855845470
2026-09-17 11:56:30,36.4,93.3,82.3,68312773,856290661
2026-09-17 11:56:31,24.8,93.3,82.3,68312773,856290661
2026-09-17 11:56:36,64.3,93.4,82.3,68336279,856737868
2026-09-17 11:56:37,71.3,93.6,82.3,68337358,856746912
2026-09-17 11:56:43,71.4,95.4,82.3,68362678,857007420
2026-09-17 11:56:43,77.2,94.0,82.3,68363687,857037637
2026-09-17 11:56:49,16.7,93.5,82.3,68399660,857289524
2026-09-17 11:56:49,23.3,93.6,82.3,68400096,857306464
2026-09-17 11:56:55,41.4,93.1,82.3,68423034,857535328
2026-09-17 11:57:01,79.0,93.2,82.3,68450438,857729051
2026-09-17 11:57:07,96.3,91.0,82.3,68474563,857999107
2026-09-17 11:57:13,58.3,91.3,82.3,68501151,858657070
2026-09-17 11:57:19,30.4,90.1,82.3,68542607,859198020
2026-09-17 11:57:25,49.6,89.9,82.3,68585574,859635898
2026-09-17 11:57:31,48.6,90.0,82.3,68625876,859981298
2026-09-17 11:57:37,46.8,89.7,82.3,68647496,860267547
2026-09-17 11:57:43,21.5,90.0,82.3,68666432,860533709
2026-09-17 11:57:49,24.7,90.2,82.3,68711734,860841938
2026-09-17 11:57:55,62.7,89.4,82.3,68748451,861214126
2026-09-17 11:58:01,29.0,89.4,82.3,68791132,861637387
2026-09-17 11:58:07,89.4,89.7,82.3,68833793,862343280
2026-09-17 11:58:13,17.9,89.1,82.3,68870922,863036836
2026-09-17 11:58:19,17.4,87.5,82.3,68886970,863395689
2026-09-17 11:58:25,16.4,87.5,82.3,68903088,863578874
2026-09-17 11:58:31,21.6,85.8,82.3,68913641,863870787
2026-09-17 11:58:37,30.9,85.9,82.3,68925355,864182202
2026-09-17 11:58:44,24.1,86.2,82.3,68946504,864905003
2026-09-17 11:58:50,10.9,86.1,82.3,68961245,865383268
2026-09-17 11:58:56,20.8,85.7,82.3,68970077,865653055
2026-09-17 11:59:02,27.8,85.6,82.3,68980598,866003494
2026-09-17 11:59:08,48.1,87.0,82.3,68993170,866437120
2026-09-17 11:59:14,12.0,86.0,82.3,69010366,867025011
2026-09-17 11:59:20,7.8,86.2,82.3,69059983,867427888
2026-09-17 11:59:26,11.6,86.5,82.3,69079578,867718607
2026-09-17 11:59:32,16.4,86.6,82.3,69099685,868417197
2026-09-17 11:59:38,57.0,86.2,82.3,69110791,868725715
2026-09-17 11:59:44,9.7,85.9,82.3,69120679,869036031
2026-09-17 11:59:50,17.1,86.6,82.3,69143968,869489506
2026-09-17 11:59:56,31.9,86.5,82.3,69174082,870106683
2026-09-17 12:00:02,98.1,87.8,82.3,69197789,870504101
2026-09-17 12:00:08,100.0,89.5,82.3,69223098,870807516
2026-09-17 12:00:15,100.0,90.2,82.3,69363957,871443608
2026-09-17 12:00:21,100.0,90.5,82.3,69390582,871774445
2026-09-17 12:00:27,89.4,93.1,82.3,69526127,872029797
2026-09-17 12:00:33,82.0,94.3,82.3,69561231,872851259
2026-09-17 12:00:39,56.2,94.8,82.3,69620358,873080971
2026-09-17 12:00:46,70.5,95.7,82.3,69634536,873357720
2026-09-17 12:00:52,56.6,96.6,82.3,69649570,873814427
2026-09-17 12:00:58,55.3,93.8,82.3,69677523,874275611
2026-09-17 12:01:04,72.0,94.5,82.3,69696705,874818118
2026-09-17 12:01:11,96.4,96.5,82.3,69715503,875493989
2026-09-17 12:01:17,100.0,94.7,82.3,69770934,875950026
2026-09-17 12:01:23,100.0,92.2,82.3,69786318,876259036
2026-09-17 12:01:29,100.0,92.8,82.3,69830336,876631041
2026-09-17 12:01:35,53.9,92.6,82.3,69918766,877104251
2026-09-17 12:01:41,72.5,92.7,82.3,69971784,877926267
2026-09-17 12:01:48,100.0,93.8,82.3,70059648,878958219
2026-09-17 12:01:55,100.0,95.0,82.3,70097457,879627700
2026-09-17 12:02:01,47.9,94.1,82.3,70131786,880049810
2026-09-17 12:02:07,51.2,94.3,82.3,70153411,880845671
2026-09-17 12:02:13,89.8,94.4,82.3,70176353,881524080
2026-09-17 12:02:19,34.6,94.3,82.3,70187537,881867304
2026-09-17 12:02:25,59.2,94.8,82.3,70196104,882004339
2026-09-17 12:02:31,38.3,94.5,82.3,70263493,882218342
2026-09-17 12:02:37,35.0,94.7,82.3,70282063,882414433
2026-09-17 12:02:43,86.0,94.2,82.3,70305303,882832889
2026-09-17 12:02:49,43.4,94.1,82.3,70364584,883922248
2026-09-17 12:02:55,46.1,94.7,82.3,70383818,884300867
2026-09-17 12:03:01,25.6,94.5,82.3,70443491,884688051
2026-09-17 12:03:07,47.4,94.6,82.3,70584013,884962064
2026-09-17 12:03:13,81.1,94.9,82.3,70616559,885075219
2026-09-17 12:03:19,97.7,90.0,82.3,70688738,885253252
2026-09-17 12:03:25,51.9,87.9,82.3,70749156,885506086
2026-09-17 12:03:31,25.6,86.7,82.3,70798398,885720307
2026-09-17 12:03:37,57.3,86.9,82.3,70986914,886100713
2026-09-17 12:03:43,100.0,86.1,82.3,71087885,886430840
2026-09-17 12:03:49,79.5,85.9,82.3,71154284,886818537
2026-09-17 12:03:55,77.6,87.1,82.3,71252921,887291741
2026-09-17 12:04:01,97.7,89.1,82.3,71287438,887764782
2026-09-17 12:04:08,84.4,86.4,82.3,71358246,888247491
2026-09-17 12:04:14,84.7,85.0,82.3,71394657,888866913
2026-09-17 12:04:20,99.2,85.4,82.3,71432941,889898592
2026-09-17 12:04:26,72.2,85.5,82.3,71462873,890613070
2026-09-17 12:04:32,91.8,86.5,82.3,71497275,891409716
2026-09-17 12:04:38,87.7,84.8,82.3,71556333,892332929
2026-09-17 12:04:44,48.8,86.6,82.3,71577504,892754018
2026-09-17 12:04:50,100.0,88.1,82.3,71616812,893198955
2026-09-17 12:04:56,74.5,88.2,82.3,71691303,893711614
2026-09-17 12:05:02,84.0,89.1,82.3,71828607,894665028
2026-09-17 12:05:08,73.4,90.9,82.3,71894325,895669620
2026-09-17 12:05:14,81.7,90.7,82.3,72010521,896819061
2026-09-17 12:05:20,41.1,91.3,82.3,72041833,897313029
2026-09-17 12:05:26,76.3,89.7,82.3,72067145,897693244
2026-09-17 12:05:32,56.8,87.6,82.3,72106929,898532011
2026-09-17 12:05:38,6.1,87.2,82.3,72141292,899661448
2026-09-17 12:05:46,100.0,89.6,82.3,72201013,900413476
2026-09-17 12:05:52,93.2,89.9,82.3,72216811,900806219
2026-09-17 12:05:58,83.5,90.4,82.3,72236443,901135253
2026-09-17 12:06:04,79.0,87.9,82.3,72253886,901907868
2026-09-17 12:06:10,49.4,88.1,82.3,72284914,902695517
2026-09-17 12:06:16,48.1,88.0,82.3,72311000,903234160
2026-09-17 12:06:22,47.9,88.4,82.3,72494543,904275124
2026-09-17 12:06:28,46.4,88.6,82.3,72594800,905584345
2026-09-17 12:06:34,61.4,89.0,82.3,72695586,907336495
2026-09-17 12:06:40,95.7,89.4,82.3,72748793,908776516
2026-09-17 12:06:46,56.9,90.8,82.3,72872526,909155333
2026-09-17 12:06:52,43.3,91.0,82.3,72993981,909343856
2026-09-17 12:06:59,52.9,90.4,82.3,73070522,909597814
2026-09-17 12:07:05,52.1,91.0,82.3,73220791,910170600
2026-09-17 12:07:11,93.6,91.4,82.3,73253712,910349891
2026-09-17 12:07:17,39.2,91.0,82.3,73267348,910515115
2026-09-17 12:07:23,30.1,90.5,82.3,73325249,910868567
2026-09-17 12:07:29,46.6,90.2,82.3,73391860,911269273
2026-09-17 12:07:35,57.0,90.3,82.4,73406686,911737840
2026-09-17 12:07:41,72.4,90.4,82.4,73430192,912478857
2026-09-17 12:07:47,50.2,89.3,82.4,73452489,913296140
2026-09-17 12:07:53,30.9,89.3,82.4,73506581,913706383
2026-09-17 12:07:59,64.1,90.5,82.4,73689834,914045352
2026-09-17 12:08:05,43.5,88.8,82.4,73782427,914785367
2026-09-17 12:08:11,41.2,89.0,82.4,73814258,915134663
2026-09-17 12:08:17,98.8,89.4,82.4,73841309,915448667
2026-09-17 12:08:23,72.9,88.2,82.4,73853240,915855096
2026-09-17 12:08:30,35.5,86.8,82.4,73930824,916732257
2026-09-17 12:08:36,91.8,89.1,82.4,73957457,916923313
2026-09-17 12:08:42,72.3,88.2,82.4,74022419,917853877
2026-09-17 12:08:48,58.8,88.3,82.4,74071457,918622098
2026-09-17 12:08:54,28.7,86.7,82.4,74099103,919183717
2026-09-17 12:09:00,35.6,84.9,82.4,74163796,919456394
2026-09-17 12:09:06,36.9,83.6,82.4,74201440,919958740
2026-09-17 12:09:12,91.8,83.7,82.4,74264454,920470259
2026-09-17 12:09:18,43.2,84.5,82.4,74294094,921614903
2026-09-17 12:09:25,51.0,84.4,82.4,74313279,922378108
2026-09-17 12:09:31,39.7,84.5,82.4,74377779,923604867
2026-09-17 12:09:37,66.8,84.7,82.4,74529828,925241740
2026-09-17 12:09:43,78.1,82.4,82.4,74624538,926487682
2026-09-17 12:09:49,54.8,82.9,82.4,74724652,927985946
2026-09-17 12:09:55,22.6,82.9,82.4,74759736,928499843
2026-09-17 12:10:01,58.0,82.9,82.4,74789892,928982910
2026-09-17 12:10:07,71.9,84.4,82.4,74857515,929379540
2026-09-17 12:10:13,39.9,85.1,82.4,74943354,929802757
2026-09-17 12:10:19,81.0,85.7,82.4,74984251,930174290
2026-09-17 12:10:25,35.8,84.8,82.4,75028742,930724543
2026-09-17 12:10:31,55.1,86.7,82.4,75127657,931551738
2026-09-17 12:10:37,47.4,86.5,82.4,75192530,932028191
2026-09-17 12:10:43,90.5,86.7,82.4,75270338,932929139
2026-09-17 12:10:49,33.1,86.7,82.4,75344836,933816022
2026-09-17 12:10:55,55.1,86.6,82.4,75373961,934835459
2026-09-17 12:11:01,62.1,86.4,82.4,75421342,935264929
2026-09-17 12:11:07,45.9,86.5,82.4,75458032,936337535
2026-09-17 12:11:13,44.4,86.2,82.4,75497261,936920477
2026-09-17 12:11:20,31.6,84.7,82.4,75528378,938043161
2026-09-17 12:11:26,28.1,84.7,82.4,75559737,939274125
2026-09-17 12:11:32,38.1,84.8,82.4,75590418,940531863
2026-09-17 12:11:38,28.1,84.9,82.4,75600248,940838216
2026-09-17 12:11:44,84.2,85.4,82.4,75633237,941182711
2026-09-17 12:11:50,48.1,86.2,82.4,75656932,942032680
2026-09-17 12:11:56,45.2,86.9,82.4,75680378,942876632
2026-09-17 12:12:02,49.4,87.9,82.4,75713889,943289976
2026-09-17 12:12:08,56.2,89.7,82.4,75761445,945175600
2026-09-17 12:12:15,52.8,89.4,82.4,75834028,946957845
2026-09-17 12:12:21,35.4,89.5,82.4,75884674,948080834
2026-09-17 12:12:27,67.9,86.7,82.4,75903312,948440779
2026-09-17 12:12:33,34.5,86.6,82.4,75944769,949031167
2026-09-17 12:12:39,39.4,86.3,82.4,75952433,949291986
2026-09-17 12:12:45,37.5,86.6,82.4,76124349,949627600
2026-09-17 12:12:51,58.6,87.1,82.4,76209989,949947641
2026-09-17 12:12:57,58.8,87.5,82.4,76240508,950092413
2026-09-17 12:13:03,88.1,88.8,82.4,76277619,950298488
2026-09-17 12:13:09,46.8,89.6,82.4,76351711,950575168
2026-09-17 12:13:15,56.9,89.6,82.4,76429653,950712425
2026-09-17 12:13:21,66.0,89.0,82.4,76504605,950914029
2026-09-17 12:13:28,98.6,92.0,82.4,76619137,951134665
2026-09-17 12:13:34,62.7,92.2,82.4,76689050,951633437
2026-09-17 12:13:40,64.0,90.5,82.4,76727540,951845961
2026-09-17 12:13:46,36.5,89.8,82.4,76790729,952149383
2026-09-17 12:13:52,66.8,87.9,82.4,76799876,952386307
2026-09-17 12:13:58,54.9,86.8,82.4,76819641,952774381
2026-09-17 12:14:04,36.8,87.0,82.4,76836418,953159818
2026-09-17 12:14:10,73.4,86.9,82.4,76878954,953438354
2026-09-17 12:14:16,83.7,87.9,82.4,76915225,953646028
2026-09-17 12:14:22,61.6,87.3,82.4,76975163,954030944
2026-09-17 12:14:28,48.1,87.3,82.4,76988592,954491998
2026-09-17 12:14:34,61.1,88.4,82.4,77012512,954870770
2026-09-17 12:14:40,68.3,86.3,82.4,77028871,955335948
2026-09-17 12:14:46,40.2,87.8,82.4,77046446,955909070
2026-09-17 12:14:52,55.9,87.8,82.4,77064745,956439269
2026-09-17 12:14:58,74.2,87.5,82.4,77086421,956688230
2026-09-17 12:15:04,31.2,87.8,82.4,77149252,956893347
2026-09-17 12:15:10,47.3,87.7,82.4,77166153,957031382
2026-09-17 12:15:17,59.3,87.8,82.4,77315401,957384916
2026-09-17 12:15:23,48.9,88.2,82.4,77359565,957725048
2026-09-17 12:15:29,70.6,88.8,82.4,77416244,958294954
2026-09-17 12:15:35,51.9,90.4,82.4,77527303,958868159
2026-09-17 12:15:41,71.8,88.4,82.4,77553733,959475442
2026-09-17 12:15:47,99.7,89.1,82.4,77627998,959704024
2026-09-17 12:15:53,95.1,88.0,82.4,77668032,960400323
2026-09-17 12:15:59,100.0,88.0,82.4,77706753,961673268
2026-09-17 12:16:05,84.4,89.7,82.4,77783652,962822147
2026-09-17 12:16:12,100.0,92.1,82.4,77879326,963592047
2026-09-17 12:16:18,100.0,93.3,82.4,77937122,963846467
2026-09-17 12:16:24,100.0,89.6,82.4,77995237,964314399
2026-09-17 12:16:31,99.7,88.8,82.4,78053481,965479208
2026-09-17 12:16:37,90.9,87.3,82.4,78138953,965894617
2026-09-17 12:16:43,76.0,86.8,82.4,78150496,966142369
2026-09-17 12:16:49,28.6,86.6,82.4,78201207,966513549
2026-09-17 12:16:55,32.7,86.3,82.4,78210496,966803710
2026-09-17 12:17:01,52.5,86.0,82.4,78230148,967095614
2026-09-17 12:17:07,48.1,85.7,82.4,78265638,967426513
2026-09-17 12:17:13,99.3,85.6,82.4,78282381,967715373
2026-09-17 12:17:19,38.8,87.8,82.4,78297230,968050490
2026-09-17 12:17:25,26.5,85.6,82.4,78335701,968400288
2026-09-17 12:17:31,68.8,85.4,82.4,78363225,968826990
2026-09-17 12:17:37,74.7,84.1,82.4,78388949,969550954
2026-09-17 12:17:43,77.0,84.0,82.4,78511105,970659497
2026-09-17 12:17:49,47.7,84.3,82.4,78623346,971560084
2026-09-17 12:17:55,30.9,83.7,82.4,78707493,972201853
2026-09-17 12:18:01,51.5,83.4,82.4,78767068,972823866
2026-09-17 12:18:07,45.5,83.5,82.4,78849279,974429829
2026-09-17 12:18:13,76.7,85.9,82.4,78925207,975998543
2026-09-17 12:18:19,41.5,85.5,82.4,78977374,976866703
2026-09-17 12:18:25,35.0,84.0,82.4,79015978,977847576
2026-09-17 12:18:31,40.4,83.9,82.4,79056725,979063058
2026-09-17 12:18:38,51.7,84.5,82.4,79095029,979759784
2026-09-17 12:18:44,56.3,84.5,82.4,79137733,981429010
2026-09-17 12:18:50,42.9,84.7,82.4,79215257,983051193
2026-09-17 12:18:56,36.1,84.4,82.4,79240585,983972558
2026-09-17 12:19:02,50.9,84.9,82.4,79354262,985267377
2026-09-17 12:19:08,41.0,84.4,82.4,79383487,986164284
2026-09-17 12:19:14,48.0,84.7,82.4,79413458,987276600
2026-09-17 12:19:20,58.0,84.8,82.4,79436830,987768115
2026-09-17 12:19:26,36.9,84.9,82.4,79462620,988811098
2026-09-17 12:19:32,78.3,85.5,82.4,79514194,990774241
2026-09-17 12:19:38,53.6,85.6,82.4,79548452,992351076
2026-09-17 12:19:44,53.7,86.0,82.4,79569977,993312296
2026-09-17 12:19:50,49.4,86.1,82.4,79601020,994795387
2026-09-17 12:19:56,46.4,86.6,82.4,79660264,995289736
2026-09-17 12:20:02,95.1,87.4,82.4,79709757,995868235
2026-09-17 12:20:08,55.0,87.6,82.4,79744026,996520362
2026-09-17 12:20:14,73.0,86.6,82.4,79790200,997576568
2026-09-17 12:20:20,33.9,88.0,82.4,79807754,998099168
2026-09-17 12:20:26,62.4,87.0,82.4,79829541,998830028
2026-09-17 12:20:32,71.6,85.2,82.4,79858878,1000024724
2026-09-17 12:20:38,17.1,84.7,82.4,79878214,1000783290
2026-09-17 12:20:44,41.5,83.4,82.4,79890063,1001092644
2026-09-17 12:20:50,28.5,83.3,82.4,79923474,1002348787
2026-09-17 12:20:57,30.9,83.5,82.4,79975058,1004375219
2026-09-17 12:21:03,52.1,83.4,82.4,80016225,1005953743
2026-09-17 12:21:09,39.5,83.0,82.4,80076646,1007263584
2026-09-17 12:21:15,47.7,83.3,82.4,80102555,1008254695
2026-09-17 12:21:21,64.0,83.5,82.4,80119082,1008856927
2026-09-17 12:21:27,39.8,84.1,82.4,80161228,1010486964
2026-09-17 12:21:33,37.8,83.6,82.4,80199530,1012082900
2026-09-17 12:21:39,26.0,83.6,82.4,80223580,1013261517
2026-09-17 12:21:45,22.9,84.0,82.4,80242037,1013821538
2026-09-17 12:21:51,28.5,84.1,82.4,80267185,1014730457
2026-09-17 12:21:57,37.9,84.1,82.4,80345691,1016519559
2026-09-17 12:22:03,38.2,83.9,82.4,80364461,1017180786
2026-09-17 12:22:09,34.2,84.0,82.4,80387057,1018029247
2026-09-17 12:22:15,29.0,85.1,82.4,80410357,1018934274
2026-09-17 12:22:21,39.0,85.3,82.5,80427189,1019571581
2026-09-17 12:22:27,35.3,85.3,82.5,80569183,1020252994
2026-09-17 12:22:33,42.4,85.4,82.5,80591387,1020874206
2026-09-17 12:22:39,69.7,85.6,82.5,80647236,1022083786
2026-09-17 12:22:45,68.7,88.4,82.5,80687241,1023311176
2026-09-17 12:22:51,40.3,88.4,82.5,80734088,1024556211
2026-09-17 12:22:57,38.9,87.6,82.5,80778748,1026105765
2026-09-17 12:23:03,33.2,85.2,82.5,80808799,1026495224
2026-09-17 12:23:09,60.4,84.9,82.5,80933118,1027109565
2026-09-17 12:23:15,61.8,85.2,82.5,81044265,1028201072
2026-09-17 12:23:22,23.0,85.0,82.5,81135577,1029240889
2026-09-17 12:23:28,51.5,85.0,82.5,81174270,1029468475
2026-09-17 12:23:34,35.8,85.1,82.5,81212709,1029874428
2026-09-17 12:23:40,40.1,85.0,82.5,81250100,1030236942
2026-09-17 12:23:46,44.1,85.7,82.5,81310274,1031023958
2026-09-17 12:23:52,96.9,84.4,82.5,81348167,1031886652
2026-09-17 12:23:58,42.1,85.5,82.5,81418808,1032452215
2026-09-17 12:24:04,53.8,86.0,82.5,81462633,1032901458
2026-09-17 12:24:10,67.8,87.7,82.5,81504784,1033892213
2026-09-17 12:24:16,64.2,88.4,82.5,81643009,1034653804
2026-09-17 12:24:22,43.6,89.2,82.5,81710881,1035074600
2026-09-17 12:24:28,46.8,89.2,82.5,81800222,1035316752
2026-09-17 12:24:34,28.5,89.8,82.5,81896957,1035492288
2026-09-17 12:24:40,52.1,87.0,82.5,81930192,1035723223
2026-09-17 12:24:46,19.6,88.4,82.5,81974883,1036392962
2026-09-17 12:24:52,38.3,83.3,82.5,82000901,1037337109
2026-09-17 12:24:58,46.3,84.3,82.5,82020605,1037884078
2026-09-17 12:25:04,51.8,85.2,82.5,82095878,1038513824
2026-09-17 12:25:10,45.7,85.0,82.5,82196054,1039046749
2026-09-17 12:25:16,42.6,86.4,82.5,82328368,1039781998
2026-09-17 12:25:23,38.0,86.2,82.5,82389949,1040117403
2026-09-17 12:25:29,37.1,86.8,82.5,82460200,1040611014
2026-09-17 12:25:35,76.5,85.1,82.5,82492040,1040950827
2026-09-17 12:25:41,37.6,84.7,82.5,82518931,1041092155
2026-09-17 12:25:47,17.8,86.6,82.5,82536632,1041297283
2026-09-17 12:25:53,60.8,84.6,82.5,82548816,1041686718
2026-09-17 12:25:59,14.3,86.1,82.5,82591104,1041927704
2026-09-17 12:26:05,34.0,85.6,82.5,82625922,1042744399
2026-09-17 12:26:11,50.2,85.9,82.5,82711104,1044277461
2026-09-17 12:26:17,12.9,85.9,82.5,82732461,1045042324
2026-09-17 12:26:23,23.6,85.5,82.5,82737029,1045186706
2026-09-17 12:26:29,24.2,85.6,82.5,82754164,1045430690
2026-09-17 12:26:35,18.4,85.7,82.5,82794774,1045835801
2026-09-17 12:26:41,51.7,85.8,82.5,82819319,1046022964
2026-09-17 12:26:47,11.2,85.3,82.5,82835636,1046611638
2026-09-17 12:26:53,19.4,85.3,82.5,82850124,1046929297
2026-09-17 12:26:59,29.6,85.4,82.5,82889967,1047174648
2026-09-17 12:27:05,33.9,85.8,82.5,83048717,1047619720
2026-09-17 12:27:11,42.4,85.7,82.5,83173836,1048749502
2026-09-17 12:27:17,36.8,85.8,82.5,83188857,1049214075
2026-09-17 12:27:23,27.6,85.7,82.5,83246950,1050569041
2026-09-17 12:27:29,42.2,85.8,82.5,83359207,1051666037
2026-09-17 12:27:35,20.8,85.7,82.5,83420601,1052771993
2026-09-17 12:27:42,43.4,86.1,82.5,83491777,1054742505
2026-09-17 12:27:48,35.4,85.8,82.5,83512236,1055440853
2026-09-17 12:27:54,20.8,85.5,82.5,83530284,1056008902
2026-09-17 12:28:00,97.8,86.4,82.5,83575810,1056256357
2026-09-17 12:28:06,39.0,87.4,82.5,83609496,1056559019
2026-09-17 12:28:13,100.0,89.2,82.5,83630087,1056968453
2026-09-17 12:28:19,99.6,90.1,82.5,83723742,1057744037
2026-09-17 12:28:25,58.7,90.9,82.5,83874217,1058236150
2026-09-17 12:28:31,98.1,92.0,82.5,83931961,1058776395
2026-09-17 12:28:38,100.0,94.9,82.5,83959586,1059372373
2026-09-17 12:28:44,98.1,94.4,82.5,83978092,1059823781
2026-09-17 12:28:50,93.2,93.4,82.5,84081691,1060386555
2026-09-17 12:28:56,97.4,91.0,82.5,84161597,1060979000
2026-09-17 12:29:02,97.8,89.1,82.5,84297956,1061608681
2026-09-17 12:29:08,61.8,88.5,82.5,84358159,1061992416
2026-09-17 12:29:14,60.2,87.6,82.5,84394268,1062291263
2026-09-17 12:29:20,80.3,86.2,82.5,84401706,1062457000
2026-09-17 12:29:26,41.6,86.6,82.5,84415298,1062850733
2026-09-17 12:29:32,16.2,86.7,82.5,84526003,1063280587
2026-09-17 12:29:38,41.2,85.3,82.5,84554071,1063584626
2026-09-17 12:29:44,54.2,85.5,82.5,84565858,1063870044
2026-09-17 12:29:50,14.8,85.4,82.5,84575517,1064186902
2026-09-17 12:29:57,18.6,85.1,82.5,84597840,1064456566
2026-09-17 12:30:03,43.6,85.2,82.5,84630282,1064821390
2026-09-17 12:30:09,34.1,85.6,82.5,84661770,1065494796
2026-09-17 12:30:15,62.4,85.4,82.5,84807607,1065803333
2026-09-17 12:30:21,35.5,85.9,82.5,84906021,1066400024
2026-09-17 12:30:27,33.5,85.6,82.5,84947645,1067523155
2026-09-17 12:30:33,30.6,85.3,82.5,85034786,1067963788
2026-09-17 12:30:39,43.0,85.3,82.5,85058021,1068359609
2026-09-17 12:30:45,49.2,84.2,82.5,85097798,1068828818
2026-09-17 12:30:51,23.4,87.0,82.5,85150128,1069200600
2026-09-17 12:30:57,37.1,83.9,82.5,85157391,1069405997
2026-09-17 12:31:03,33.0,84.0,82.5,85186002,1070029347
2026-09-17 12:31:09,26.9,83.7,82.5,85191440,1070168118
2026-09-17 12:31:15,44.1,83.6,82.5,85216382,1070705975
2026-09-17 12:31:21,52.5,84.0,82.5,85270137,1071521657
2026-09-17 12:31:27,40.2,84.8,82.5,85311845,1072514246
2026-09-17 12:31:33,61.7,86.1,82.5,85412814,1073677482
2026-09-17 12:31:39,71.9,86.3,82.5,85425002,1074055684
2026-09-17 12:31:45,89.2,85.8,82.5,85438724,1074626120
2026-09-17 12:31:51,53.2,86.4,82.5,85535325,1075036841
2026-09-17 12:31:58,99.3,86.8,82.5,85602995,1075573859
2026-09-17 12:32:04,46.8,89.9,82.5,85702288,1075810399
2026-09-17 12:32:10,52.6,89.9,82.5,85707831,1075992353
2026-09-17 12:32:16,53.0,89.1,82.5,85753863,1076160903
2026-09-17 12:32:22,85.5,89.6,82.5,85808988,1076616884
2026-09-17 12:32:29,79.6,89.2,82.5,85842106,1076969378
2026-09-17 12:32:35,66.4,88.8,82.5,85870701,1077359227
2026-09-17 12:32:41,91.8,91.9,82.5,85934275,1077981371
2026-09-17 12:32:47,34.9,90.4,82.5,85969821,1078457982
2026-09-17 12:32:53,92.0,88.3,82.5,85989201,1079114432
2026-09-17 12:32:59,70.6,88.0,82.5,86000608,1079400656
2026-09-17 12:33:05,41.3,88.9,82.5,86014287,1079842751
2026-09-17 12:33:11,59.5,88.7,82.5,86023578,1080131227
2026-09-17 12:33:17,64.5,88.4,82.5,86037077,1080492110
2026-09-17 12:33:23,56.3,87.9,82.5,86063539,1081198631
2026-09-17 12:33:29,64.1,86.6,82.5,86084411,1081825374
2026-09-17 12:33:36,85.2,87.6,82.5,86132690,1082522019
2026-09-17 12:33:42,100.0,88.2,82.5,86188746,1082776051
2026-09-17 12:33:48,61.4,88.1,82.5,86206988,1083011184
2026-09-17 12:33:54,26.0,86.0,82.5,86217620,1083298657
2026-09-17 12:34:00,43.8,86.2,82.5,86232752,1083522692
2026-09-17 12:34:06,18.6,86.2,82.5,86256377,1083874075
2026-09-17 12:34:12,66.2,85.8,82.5,86315796,1084248554
2026-09-17 12:34:18,38.1,86.0,82.5,86456852,1084746468
2026-09-17 12:34:24,54.7,86.1,82.5,86567627,1085040992
2026-09-17 12:34:30,64.6,86.4,82.5,86604631,1085525437
2026-09-17 12:34:36,51.0,86.0,82.5,86682982,1085858082
2026-09-17 12:34:42,94.6,86.3,82.5,86717816,1086234836
2026-09-17 12:34:48,72.3,86.5,82.5,86764055,1086730653
2026-09-17 12:34:54,44.6,86.8,82.5,86817970,1087334025
2026-09-17 12:35:00,60.5,86.3,82.5,86850214,1088651856
2026-09-17 12:35:06,59.5,86.4,82.5,86882536,1089998686
2026-09-17 12:35:12,70.8,86.6,82.5,86913787,1091334863
2026-09-17 12:35:19,79.9,86.9,82.5,87040258,1092436620
2026-09-17 12:35:25,41.4,87.0,82.5,87189637,1093253048
2026-09-17 12:35:31,67.6,86.9,82.5,87229295,1093470397
2026-09-17 12:35:37,82.6,87.3,82.5,87329069,1093955312
2026-09-17 12:35:43,68.5,85.7,82.5,87358332,1094369917
2026-09-17 12:35:49,50.4,86.2,82.5,87416030,1095275639
2026-09-17 12:35:55,48.5,85.7,82.5,87522427,1096404394
2026-09-17 12:36:01,100.0,88.5,82.5,87558160,1097451734
2026-09-17 12:36:07,95.7,89.1,82.5,87586869,1098324187
2026-09-17 12:36:13,100.0,90.2,82.5,87609224,1098951947
2026-09-17 12:36:20,100.0,93.0,82.5,87622267,1099374452
2026-09-17 12:36:26,85.0,92.3,82.5,87671966,1099907587
2026-09-17 12:36:32,51.2,92.2,82.5,87720236,1100551986
2026-09-17 12:36:38,96.6,92.7,82.5,87767218,1101201334
2026-09-17 12:36:44,78.9,93.5,82.5,87793146,1102170512
2026-09-17 12:36:50,59.2,93.6,82.5,87808022,1102671305
2026-09-17 12:36:56,36.0,93.1,82.5,87852119,1103095234
2026-09-17 12:37:02,46.3,93.3,82.5,88030254,1103458750
2026-09-17 12:37:08,42.9,94.0,82.5,88083398,1103869148
2026-09-17 12:37:14,64.6,94.4,82.5,88198942,1104621284
2026-09-17 12:37:20,57.5,95.3,82.5,88229954,1105677758
2026-09-17 12:37:26,47.1,94.6,82.5,88259603,1106916876
2026-09-17 12:37:32,50.6,94.8,82.5,88334886,1107146875
2026-09-17 12:37:38,48.5,94.9,82.5,88356085,1107591664
2026-09-17 12:37:44,45.6,94.8,82.5,88385716,1108152806
2026-09-17 12:37:50,52.5,95.1,82.5,88407356,1108956080
2026-09-17 12:37:57,46.5,95.3,82.5,88431732,1109914616
2026-09-17 12:38:03,40.9,95.6,82.5,88522904,1110839677
2026-09-17 12:38:09,39.1,90.4,82.5,88547860,1111715221
2026-09-17 12:38:15,58.8,89.8,82.5,88572891,1112728482
2026-09-17 12:38:21,44.7,89.8,82.5,88594585,1113589793
2026-09-17 12:38:27,28.8,89.9,82.5,88615639,1114425252
2026-09-17 12:38:33,38.4,89.7,82.5,88645528,1115203750
2026-09-17 12:38:39,54.4,89.4,82.5,88682449,1116631862
2026-09-17 12:38:45,42.3,89.2,82.5,88715410,1117911585
2026-09-17 12:38:51,41.1,89.6,82.5,88734259,1118617959
2026-09-17 12:38:57,40.5,89.7,82.5,88750615,1119255368
2026-09-17 12:39:03,35.9,89.8,82.5,88763077,1119787310
2026-09-17 12:39:09,49.2,89.7,82.5,88797323,1119936036
2026-09-17 12:39:15,44.8,89.5,82.5,88826201,1120744011
2026-09-17 12:39:21,45.2,89.6,82.5,88860457,1122139107
2026-09-17 12:39:27,37.6,89.5,82.5,88875936,1122738927
2026-09-17 12:39:33,38.4,89.7,82.5,88884442,1123038198
2026-09-17 12:39:39,32.7,89.7,82.5,88933497,1123218325
2026-09-17 12:39:45,59.9,89.9,82.5,88938509,1123377521
2026-09-17 12:39:52,36.9,89.6,82.5,88961327,1124356270
2026-09-17 12:39:58,35.8,89.4,82.6,89013827,1125388658
2026-09-17 12:40:04,22.8,89.5,82.6,89030102,1126005583
2026-09-17 12:40:10,33.8,89.3,82.6,89073386,1126644543
2026-09-17 12:40:16,54.2,88.8,82.6,89101900,1127696535
2026-09-17 12:40:22,33.8,88.3,82.6,89127891,1128515880
2026-09-17 12:40:28,43.0,88.6,82.6,89143649,1128973511
2026-09-17 12:40:34,29.5,88.6,82.6,89171985,1130093850
2026-09-17 12:40:40,38.5,88.4,82.6,89199724,1131148384
2026-09-17 12:40:46,26.7,88.6,82.6,89210792,1131407157
2026-09-17 12:40:52,58.1,88.6,82.6,89214968,1131540328
2026-09-17 12:40:58,35.4,88.5,82.6,89218967,1131645458
2026-09-17 12:41:04,34.9,88.5,82.6,89224277,1131797435
2026-09-17 12:41:10,31.9,88.8,82.6,89416174,1132144223
2026-09-17 12:41:16,30.5,89.0,82.6,89543466,1132716991
2026-09-17 12:41:22,35.5,89.0,82.6,89568478,1133618132
2026-09-17 12:41:29,58.2,89.3,82.6,89631543,1134349475
2026-09-17 12:41:35,37.0,89.5,82.6,89674770,1135007206
2026-09-17 12:41:41,48.1,89.5,82.6,89755506,1135634929
2026-09-17 12:41:47,70.0,90.4,82.6,89817753,1136365589
2026-09-17 12:41:53,58.5,90.6,82.6,89830512,1136751578
2026-09-17 12:41:59,63.5,90.8,82.6,89866854,1137201930
2026-09-17 12:42:05,94.3,91.1,82.6,89895549,1137895862
2026-09-17 12:42:11,71.6,92.4,82.6,89962484,1138474864
2026-09-17 12:42:17,36.7,92.4,82.6,90028378,1139766837
2026-09-17 12:42:23,22.4,90.9,82.6,90076696,1141543156
2026-09-17 12:42:29,40.7,89.8,82.6,90123514,1142368627
2026-09-17 12:42:35,62.0,90.0,82.6,90151405,1143052121
2026-09-17 12:42:41,32.7,89.7,82.6,90196070,1143348910
2026-09-17 12:42:47,30.2,89.9,82.6,90229674,1144177632
2026-09-17 12:42:54,37.9,89.5,82.6,90238848,1144515889
2026-09-17 12:43:00,24.5,89.3,82.6,90243030,1144630778
2026-09-17 12:43:06,22.8,89.5,82.6,90274859,1145007017
2026-09-17 12:43:12,38.8,89.6,82.6,90289290,1145550699
2026-09-17 12:43:18,55.8,89.5,82.6,90347920,1146004789
2026-09-17 12:43:24,27.9,90.3,82.6,90413306,1146380969
2026-09-17 12:43:30,55.6,87.9,82.6,90425581,1146802107
2026-09-17 12:43:36,21.2,87.6,82.6,90446474,1147063853
2026-09-17 12:43:42,98.9,88.0,82.6,90459694,1147579176
2026-09-17 12:43:48,47.9,88.0,82.6,90557251,1148111905
2026-09-17 12:43:54,49.4,87.9,82.6,90720906,1148997202
2026-09-17 12:44:00,61.7,89.2,82.6,90877795,1151568045
2026-09-17 12:44:06,37.3,88.5,82.6,90922672,1151730917
2026-09-17 12:44:12,72.1,89.0,82.6,91111674,1152111932
2026-09-17 12:44:18,52.5,87.7,82.6,91169570,1152224279
2026-09-17 12:44:24,38.8,87.7,82.6,91186529,1152392779
2026-09-17 12:44:30,27.3,87.6,82.6,91210624,1152554726
2026-09-17 12:44:36,40.0,87.7,82.6,91219517,1152688131
2026-09-17 12:44:42,32.4,87.5,82.6,91222942,1152806071
2026-09-17 12:44:49,23.1,87.7,82.6,91252313,1152927594
2026-09-17 12:44:55,27.5,88.7,82.6,91398786,1153279090
2026-09-17 12:45:01,34.4,88.3,82.6,91450868,1153554475
2026-09-17 12:45:07,31.1,88.0,82.6,91470821,1153714621
2026-09-17 12:45:13,46.4,88.2,82.6,91481347,1153896528
2026-09-17 12:45:19,35.9,88.5,82.6,91631547,1154127484
2026-09-17 12:45:25,80.6,88.6,82.6,91768321,1154462660
2026-09-17 12:45:31,27.5,88.8,82.6,91846379,1154689727
2026-09-17 12:45:37,32.2,87.5,82.6,91876962,1154928413
2026-09-17 12:45:43,47.9,87.6,82.6,91937404,1155133335
2026-09-17 12:45:49,60.7,87.6,82.6,91976780,1155446134
2026-09-17 12:45:55,66.9,87.6,82.6,92056126,1155688741
2026-09-17 12:46:01,73.0,88.9,82.6,92080425,1155906702
2026-09-17 12:46:08,37.9,90.6,82.6,92083924,1156010866
2026-09-17 12:46:14,39.6,91.1,82.6,92124750,1156197532
2026-09-17 12:46:20,33.6,89.9,82.6,92169077,1156411187
2026-09-17 12:46:26,37.7,88.7,82.6,92226937,1156658239
2026-09-17 12:46:32,27.7,88.9,82.6,92231576,1156790928
2026-09-17 12:46:38,37.1,88.7,82.6,92257221,1157090465
2026-09-17 12:46:44,34.7,88.3,82.6,92270151,1157576132
2026-09-17 12:46:50,45.3,88.7,82.6,92294088,1157837345
2026-09-17 12:46:56,54.5,88.9,82.6,92427835,1158107879
2026-09-17 12:47:02,34.2,89.2,82.6,92550370,1158486508
2026-09-17 12:47:08,18.5,89.1,82.6,92633610,1158818894
2026-09-17 12:47:14,46.2,89.2,82.6,92689088,1159161302
2026-09-17 12:47:20,59.5,89.7,82.6,92716744,1159630982
2026-09-17 12:47:26,32.8,89.5,82.6,92791041,1159770128
2026-09-17 12:47:32,37.9,89.0,82.6,92852152,1160354107
2026-09-17 12:47:38,53.6,89.0,82.6,92886016,1161029828
2026-09-17 12:47:44,57.8,89.0,82.6,92924153,1161411417
2026-09-17 12:47:50,53.0,89.0,82.6,92969651,1162258151
2026-09-17 12:47:56,48.8,89.0,82.6,93018389,1162731664
2026-09-17 12:48:02,35.2,89.1,82.6,93064415,1163058520
2026-09-17 12:48:08,45.0,89.3,82.6,93101714,1163564742
2026-09-17 12:48:14,53.3,89.2,82.6,93135878,1163828229
2026-09-17 12:48:21,48.1,89.4,82.6,93155581,1164186945
2026-09-17 12:48:27,29.7,89.6,82.6,93701226,1164347604
2026-09-17 12:48:33,56.8,92.0,82.6,93786865,1164471323
2026-09-17 12:48:39,32.1,92.2,82.6,93870470,1164862890
2026-09-17 12:48:45,49.6,92.3,82.6,93958341,1165911177
2026-09-17 12:48:51,68.2,93.4,82.6,94111702,1169477349
2026-09-17 12:48:57,69.6,93.9,82.6,94292984,1170100326
2026-09-17 12:49:03,38.1,93.8,82.6,94350299,1171034091
2026-09-17 12:49:09,41.6,93.0,82.6,94490407,1171944533
2026-09-17 12:49:15,40.2,92.5,82.6,94653160,1172542020
2026-09-17 12:49:21,52.3,91.7,82.6,94700071,1173045738
2026-09-17 12:49:27,42.0,90.6,82.6,94786388,1173350330
2026-09-17 12:49:33,34.5,90.5,82.6,94809898,1173887084
2026-09-17 12:49:39,34.4,90.3,82.6,94834694,1174397584
2026-09-17 12:49:45,22.6,90.3,82.6,94916860,1175116890
2026-09-17 12:49:51,36.2,90.6,82.6,95065093,1175778175
2026-09-17 12:49:57,39.5,90.9,82.6,95194190,1176259411
2026-09-17 12:50:03,37.0,90.8,82.6,95228485,1177061069
2026-09-17 12:50:10,48.4,90.8,82.6,95290742,1178432201
2026-09-17 12:50:16,49.1,90.8,82.6,95317600,1178979949
2026-09-17 12:50:22,50.8,90.8,82.6,95399065,1180101608
2026-09-17 12:50:28,81.4,91.6,82.6,95478399,1182041788
2026-09-17 12:50:34,47.1,91.3,82.6,95516237,1182625644
2026-09-17 12:50:40,83.3,91.5,82.6,95541160,1183421330
2026-09-17 12:50:46,62.0,90.4,82.6,95600234,1184712667
2026-09-17 12:50:53,54.9,90.7,82.6,95640707,1185939204
2026-09-17 12:50:59,89.7,92.1,82.6,95711616,1187679884
2026-09-17 12:51:05,100.0,93.3,82.6,95768397,1187717674
2026-09-17 12:51:11,100.0,95.1,82.6,95769152,1187718234
2026-09-17 12:51:18,100.0,96.6,82.6,95921702,1187852656
2026-09-17 12:51:24,99.6,96.9,82.6,95974216,1187916181
2026-09-17 12:51:30,90.9,94.1,82.6,96113934,1187978016
2026-09-17 12:51:36,69.2,95.1,82.6,96151803,1187992948
2026-09-17 12:51:42,69.3,95.1,82.6,96186907,1188010543
2026-09-17 12:51:48,69.6,97.5,82.6,96217391,1188017102
2026-09-17 12:51:54,71.1,98.4,82.6,96242723,1188020439
2026-09-17 12:52:00,69.4,98.8,82.6,96244203,1188024283
2026-09-17 12:52:06,59.8,98.0,82.6,96282117,1188054373
2026-09-17 12:52:12,69.1,97.5,82.6,96299599,1188071649
2026-09-17 12:52:18,60.2,94.0,82.6,96304617,1188074282
2026-09-17 12:52:24,58.9,94.0,82.6,96449526,1188103756
2026-09-17 12:52:30,34.0,92.8,82.6,96474149,1188110952
2026-09-17 12:52:36,55.5,95.6,82.6,96490537,1188116086
2026-09-17 12:52:42,40.9,97.2,82.6,96490592,1188116152
2026-09-17 12:52:48,85.2,98.4,82.6,96600867,1188200262
2026-09-17 12:52:54,95.0,98.1,82.6,96684030,1188249222
2026-09-17 12:53:00,98.5,96.4,82.6,96739894,1188281438
2026-09-17 12:53:06,77.3,98.4,82.6,96783969,1188297049
2026-09-17 12:53:12,83.5,98.1,82.6,96797075,1188312074
2026-09-17 12:53:18,98.5,95.1,82.6,97153465,1188363414
2026-09-17 12:53:25,97.4,95.6,82.6,97188701,1188380032
2026-09-17 12:53:31,99.6,94.7,82.6,97213115,1188391127
2026-09-17 12:53:37,92.7,93.6,82.6,97219287,1188407538
2026-09-17 12:53:43,100.0,95.2,82.6,97265511,1188426127
2026-09-17 12:53:49,72.7,94.9,82.6,97271724,1188432198
2026-09-17 12:53:55,90.8,89.2,82.6,97310357,1188440481
2026-09-17 12:54:01,87.3,88.1,82.7,97315184,1188448385
2026-09-17 12:54:07,77.9,85.7,82.7,97336907,1188451747
2026-09-17 12:54:13,69.7,85.6,82.7,97376708,1188469669
2026-09-17 12:54:19,89.7,85.7,82.7,97507155,1188585983
2026-09-17 12:54:25,88.1,85.9,82.7,97595167,1188603171
2026-09-17 12:54:31,51.2,86.4,82.8,97604663,1188608515
2026-09-17 12:54:37,51.0,87.0,82.8,97649886,1188654605
2026-09-17 12:54:43,75.5,88.6,82.8,97740351,1188679203
2026-09-17 12:54:49,72.7,88.0,82.8,97777716,1188696417
2026-09-17 12:54:55,60.1,87.1,82.8,97791902,1188702642
2026-09-17 12:55:01,40.6,86.9,82.8,97799767,1188710968
2026-09-17 12:55:07,60.6,87.5,82.8,97813185,1188733195
2026-09-17 12:55:13,51.3,88.1,82.8,97813793,1188733743
2026-09-17 12:55:20,91.2,89.6,82.8,97851555,1188741725
2026-09-17 12:55:26,84.9,92.7,82.8,98009856,1188888627
2026-09-17 12:55:32,62.6,94.4,82.9,98033927,1188907494
2026-09-17 12:55:38,55.8,92.2,82.9,98083785,1188937644
2026-09-17 12:55:44,56.4,92.6,82.9,98087876,1188951827
2026-09-17 12:55:51,65.7,91.2,82.9,98123639,1188962545
2026-09-17 12:55:57,96.2,91.7,82.9,98152616,1188978487
2026-09-17 12:56:03,84.6,94.0,82.9,98225982,1189042095
2026-09-17 12:56:09,50.0,94.7,82.9,98256408,1189141029
2026-09-17 12:56:15,84.0,94.6,82.9,98276248,1189157643
2026-09-17 12:56:21,100.0,93.4,82.9,98289844,1189181303
2026-09-17 12:56:27,87.7,94.6,83.0,98290727,1189182279
2026-09-17 12:56:33,84.0,91.7,83.0,98300709,1189191387
2026-09-17 12:56:39,82.9,95.1,83.0,98312663,1189311454
2026-09-17 12:56:45,65.9,96.3,83.0,98314875,1189322473
2026-09-17 12:56:51,85.3,96.7,83.0,98341068,1189348204
2026-09-17 12:56:57,84.8,91.3,82.6,98413823,1189372405
2026-09-17 12:57:03,58.1,91.6,82.6,98416980,1189383615
2026-09-17 12:57:09,59.0,91.4,82.6,98417733,1189384993
2026-09-17 12:57:15,100.0,92.9,82.6,98420702,1189386650
2026-09-17 12:57:21,56.6,93.1,82.6,98421522,1189387544
2026-09-17 12:57:27,96.1,93.8,82.6,98472394,1189417101
2026-09-17 12:57:33,71.5,92.3,82.6,98476602,1189426492
2026-09-17 12:57:39,53.1,92.8,82.6,98532506,1189448148
2026-09-17 12:57:45,89.4,93.3,82.6,98544134,1189463405
2026-09-17 12:57:52,17.8,92.9,82.6,98584263,1189484828
2026-09-17 12:57:58,87.2,93.8,82.6,98596021,1189506793
2026-09-17 12:58:04,69.1,90.2,82.6,98639293,1189602745
2026-09-17 12:58:10,48.8,89.8,82.6,99434672,1189653183
2026-09-17 12:58:16,53.8,90.5,82.6,100439691,1189691572
2026-09-17 12:58:22,16.9,90.5,82.6,100445351,1189701934
2026-09-17 12:58:28,61.7,90.8,82.6,100478142,1189717291
2026-09-17 12:58:34,57.6,91.0,82.6,100478580,1189717754
2026-09-17 12:58:40,88.8,87.2,82.6,100481474,1189719125
2026-09-17 12:58:46,33.5,87.4,82.6,100482047,1189719792
2026-09-17 12:58:52,17.4,87.1,82.6,100482407,1189720258
2026-09-17 12:58:58,88.8,88.0,82.6,100495506,1189724133
2026-09-17 12:59:04,42.6,87.7,82.6,100496520,1189725041
2026-09-17 12:59:10,75.1,88.5,82.6,100510878,1189729436
2026-09-17 12:59:16,41.4,88.1,82.6,100532127,1189747201
2026-09-17 12:59:22,34.8,88.3,82.6,100532182,1189747267
2026-09-17 12:59:28,98.4,88.9,82.6,100535365,1189749069
2026-09-17 12:59:34,16.9,88.1,82.6,100537125,1189750985
2026-09-17 12:59:40,71.9,88.2,82.6,100554333,1189756696
2026-09-17 12:59:46,34.1,87.7,82.6,100564177,1189758556
2026-09-17 12:59:52,28.6,87.6,82.6,100565295,1189759508
2026-09-17 12:59:58,38.4,87.4,82.6,100568651,1189761230
2026-09-17 13:00:05,13.3,87.4,82.6,100568651,1189761230
2026-09-17 13:00:11,95.5,91.9,82.6,100576028,1189767783
2026-09-17 13:00:17,79.2,89.3,82.6,100599969,1189796793
2026-09-17 13:00:23,86.8,90.4,82.6,100638490,1190009406
2026-09-17 13:00:29,92.0,94.1,82.6,100682284,1190225598
2026-09-17 13:00:35,80.5,93.8,82.6,100723632,1190498995
2026-09-17 13:00:41,76.9,94.6,82.6,100735354,1190670040
2026-09-17 13:00:47,74.9,94.8,82.6,100760210,1190713057
2026-09-17 13:00:53,77.3,95.1,82.6,100841743,1190735388
2026-09-17 13:00:59,92.1,95.5,82.6,100860116,1190747458
2026-09-17 13:01:05,72.6,92.7,82.6,100860839,1190748332
2026-09-17 13:01:11,45.7,91.3,82.6,100862155,1190749623
2026-09-17 13:01:17,92.9,91.2,82.6,100866477,1190753633
2026-09-17 13:01:23,96.8,93.4,82.6,100921831,1190822477
2026-09-17 13:01:29,33.3,93.7,82.6,100947882,1190858727
2026-09-17 13:01:36,88.5,95.3,82.6,100973408,1190862627
2026-09-17 13:01:42,90.8,96.6,82.6,100973720,1190862934
2026-09-17 13:01:48,74.7,96.6,82.6,100987518,1190888734
2026-09-17 13:01:54,100.0,96.8,82.6,101022653,1190912425
2026-09-17 13:02:00,100.0,96.6,82.6,101023119,1190912928
2026-09-17 13:02:06,66.5,95.3,82.6,101053787,1190955658
2026-09-17 13:02:13,100.0,96.9,82.6,101055928,1190957457
2026-09-17 13:02:19,92.9,96.4,82.6,101058081,1190959314
2026-09-17 13:02:25,100.0,95.3,82.6,101062815,1190968284
2026-09-17 13:02:32,100.0,95.9,82.6,101145885,1191000358
2026-09-17 13:02:38,100.0,98.0,82.6,101221427,1191044896
2026-09-17 13:02:44,100.0,97.3,82.6,101254188,1191061290
2026-09-17 13:02:50,100.0,98.4,82.6,101312891,1191104668
2026-09-17 13:02:57,42.6,91.6,82.6,101349121,1191125914
2026-09-17 13:03:03,77.7,88.2,82.6,101355934,1191131521
2026-09-17 13:03:09,100.0,87.4,82.6,101387241,1191147116
2026-09-17 13:03:15,36.0,87.7,82.6,101785335,1191231310
2026-09-17 13:03:21,85.1,87.9,82.6,101857721,1191321209
2026-09-17 13:03:27,57.0,87.9,82.6,102038920,1191448047
2026-09-17 13:03:33,91.2,88.3,82.6,102096684,1191725807
2026-09-17 13:03:39,99.6,84.4,82.6,102146166,1191738952
2026-09-17 13:03:45,38.5,86.7,82.6,102209825,1191765316
2026-09-17 13:03:51,66.5,84.3,82.6,102259305,1191773466
2026-09-17 13:03:57,48.8,85.1,82.6,102295270,1191779585
2026-09-17 13:04:03,66.7,85.0,82.6,102309005,1191783827
2026-09-17 13:04:09,61.2,85.1,82.6,102346157,1191794728
2026-09-17 13:04:15,37.3,85.1,82.6,102379821,1191799368
2026-09-17 13:04:21,100.0,85.7,82.6,102497946,1191903918
2026-09-17 13:04:27,56.4,86.1,82.6,102632551,1191936146
2026-09-17 13:04:33,100.0,85.4,82.6,102647353,1191966769
2026-09-17 13:04:39,66.3,85.6,82.6,102673575,1191983110
2026-09-17 13:04:45,76.5,86.3,82.6,102695691,1191996031
2026-09-17 13:04:51,57.9,87.3,82.6,102714352,1192011920
2026-09-17 13:04:57,32.7,87.9,82.6,102739556,1192026845
2026-09-17 13:05:03,73.6,88.3,82.6,102756700,1192039308
2026-09-17 13:05:09,37.2,86.7,82.6,102792086,1192054020
2026-09-17 13:05:16,73.5,81.1,82.6,102796496,1192056514
2026-09-17 13:05:22,44.6,80.9,82.6,102815252,1192058501
2026-09-17 13:05:28,65.0,81.1,82.6,102853254,1192159335
2026-09-17 13:05:34,34.2,82.1,82.6,102870722,1192164253
2026-09-17 13:05:40,41.4,82.1,82.6,102879689,1192164574
2026-09-17 13:05:46,100.0,82.8,82.6,102914223,1192194293
2026-09-17 13:05:52,33.9,82.7,82.6,102932836,1192198500
2026-09-17 13:05:58,56.4,84.0,82.6,102939841,1192205135
2026-09-17 13:06:04,28.4,84.1,82.6,102942594,1192207073
2026-09-17 13:06:10,17.2,83.9,82.6,102942897,1192207271
2026-09-17 13:06:16,82.2,84.6,82.6,102946238,1192209102
2026-09-17 13:06:22,81.3,84.8,82.6,102947706,1192215047
2026-09-17 13:06:28,43.8,85.4,82.6,102958689,1192223009
2026-09-17 13:06:34,67.8,86.3,82.6,103004984,1192233090
2026-09-17 13:06:40,22.1,86.0,82.6,103005313,1192233356
2026-09-17 13:06:46,57.3,86.1,82.6,103022851,1192252327
2026-09-17 13:06:52,41.2,86.0,82.6,103036499,1192258003
2026-09-17 13:06:58,60.2,85.8,82.6,103037598,1192258771
2026-09-17 13:07:04,100.0,85.6,82.6,103050012,1192261932
2026-09-17 13:07:10,17.0,85.9,82.6,103050931,1192262520
2026-09-17 13:07:16,86.1,86.6,82.6,103054419,1192264839
2026-09-17 13:07:23,75.8,87.2,82.6,103070273,1192282735
2026-09-17 13:07:29,100.0,90.8,82.6,103115424,1192337712
2026-09-17 13:07:35,100.0,93.1,82.6,103198283,1193095175
2026-09-17 13:07:41,100.0,93.3,82.6,103321140,1193663012
2026-09-17 13:07:48,100.0,96.5,82.6,103348047,1193740756
2026-09-17 14:16:13,99.9,96.7,82.6,104121424,1193752886
2026-09-17 14:16:23,100.0,94.4,82.6,104256591,1194023943
2026-09-17 14:16:31,100.0,95.0,82.6,104522420,1194596262
2026-09-17 14:16:37,100.0,95.3,82.6,104604103,1194861205
2026-09-17 14:16:43,100.0,94.3,82.6,104668891,1195050354
2026-09-17 14:16:50,100.0,95.7,82.6,104721660,1195512458
2026-09-17 14:16:56,100.0,94.3,82.6,104800336,1195915736
2026-09-17 14:17:02,100.0,93.1,82.6,104879645,1196020024
2026-09-17 14:17:08,98.9,91.6,82.6,104920754,1196072331
2026-09-17 14:17:14,23.9,92.0,82.6,105091467,1196990796
2026-09-17 14:17:20,27.6,90.1,82.6,105112891,1198283090
2026-09-17 14:17:26,100.0,93.1,82.6,105137171,1199300949
2026-09-17 14:17:32,69.6,94.0,82.6,105205314,1200587433
2026-09-17 14:17:38,100.0,95.4,82.6,105233157,1201862849
2026-09-17 14:17:44,100.0,95.6,82.6,105264754,1203050791
2026-09-17 14:17:50,51.7,94.5,82.6,105293450,1204678884
2026-09-17 14:17:56,45.7,93.6,82.6,105335362,1207109311
2026-09-17 14:18:02,35.5,90.0,82.6,105371430,1208440630
2026-09-17 14:18:08,37.1,89.8,82.6,105415143,1210385331
2026-09-17 14:18:14,42.8,90.0,82.6,105448122,1211589145
2026-09-17 14:18:20,37.5,90.8,82.6,105485645,1213620770
2026-09-17 14:18:26,41.5,91.9,82.6,105556215,1215095796
2026-09-17 14:18:32,65.9,92.3,82.6,105594219,1215862482
2026-09-17 14:18:38,46.0,92.6,82.6,105597066,1215868073
2026-09-17 14:18:44,46.0,94.1,82.6,105702815,1215932723
2026-09-17 14:18:50,55.8,94.1,82.6,105724169,1215939484
2026-09-17 14:18:57,40.6,94.3,82.6,105761991,1215971989
2026-09-17 14:19:03,29.7,92.2,82.6,105774037,1215974401
2026-09-17 14:19:09,77.7,91.5,82.6,105778728,1215976007
2026-09-17 14:19:15,42.0,92.2,82.6,105871749,1216007969
2026-09-17 14:19:21,64.3,92.8,82.6,105926477,1216023000
2026-09-17 14:19:27,75.8,94.8,82.6,106032574,1216064890
2026-09-17 14:19:33,39.7,94.2,82.6,106037285,1216076933
2026-09-17 14:19:39,46.8,93.4,82.6,106041377,1216084400
2026-09-17 14:19:45,41.7,92.9,82.6,106105263,1216102396
2026-09-17 14:19:51,43.2,92.1,82.6,106106030,1216102948
2026-09-17 14:19:57,54.0,92.1,82.6,106132313,1216118051
2026-09-17 14:20:03,57.2,93.1,82.6,106140066,1216120125
2026-09-17 14:20:09,100.0,95.0,82.6,106181320,1216170713
2026-09-17 14:20:16,100.0,96.0,82.6,106222283,1216243559
2026-09-17 14:20:22,100.0,96.8,82.6,106230630,1216248951
2026-09-17 14:20:28,89.7,96.5,82.6,106321043,1216369376
2026-09-17 14:20:34,70.9,96.9,82.6,106377127,1216389945
2026-09-17 14:20:40,86.7,96.1,82.6,106397237,1216427854
2026-09-17 14:20:46,59.5,96.2,82.6,106412960,1216454603
2026-09-17 14:20:52,74.2,94.6,82.6,106413437,1216455422
2026-09-17 14:20:58,46.6,93.8,82.6,106419250,1216470655
2026-09-17 14:21:06,76.3,94.9,82.6,106458089,1216489665
2026-09-17 14:21:12,57.1,94.9,82.6,106491916,1216517953
2026-09-17 14:21:18,82.4,94.6,82.6,106504805,1216520452
2026-09-17 14:21:24,33.2,94.9,82.6,106566468,1216620223
2026-09-17 14:21:30,91.2,95.3,82.6,106632990,1216629860
2026-09-17 14:21:36,54.3,95.8,82.6,106822957,1216769540
2026-09-17 14:21:42,96.7,96.5,82.6,106874297,1216789503
2026-09-17 14:21:48,60.2,93.3,82.6,106940010,1216822555
2026-09-17 14:21:54,33.1,90.1,82.6,107006630,1216844661
2026-09-17 14:22:00,35.5,89.0,82.6,107025691,1216861677
2026-09-17 14:22:06,29.4,88.6,82.6,107030762,1216963438
2026-09-17 14:22:12,64.9,89.6,82.6,107099803,1217519591
2026-09-17 14:22:19,82.4,90.8,82.6,107159610,1217542366
2026-09-17 14:22:25,55.1,91.3,82.6,107169616,1217553406
2026-09-17 14:22:31,58.8,88.2,82.6,107202376,1217562750
2026-09-17 14:22:37,76.3,88.3,82.6,107224774,1217669649
2026-09-17 14:22:43,40.3,88.9,82.6,107299670,1217682212
2026-09-17 14:22:49,42.9,89.2,82.6,107318070,1217704654
2026-09-17 14:22:55,41.3,89.0,82.6,107320795,1217704991
2026-09-17 14:23:01,30.5,88.8,82.6,107330405,1217707248
2026-09-17 14:23:07,51.7,88.6,82.6,107330989,1217707985
2026-09-17 14:23:13,31.7,88.6,82.6,107331297,1217708438
2026-09-17 14:23:19,66.5,90.3,82.6,107353341,1217722476
2026-09-17 14:23:25,38.8,90.6,82.6,107361320,1217732983
2026-09-17 14:23:31,58.6,90.7,82.6,107362802,1217739702
2026-09-17 14:23:38,51.3,90.2,82.6,107363098,1217739856
2026-09-17 14:23:44,51.0,90.4,82.6,107386424,1217743770
2026-09-17 14:23:50,38.4,89.9,82.6,107396734,1217748121
2026-09-17 14:23:56,51.3,88.0,82.6,107401169,1217749084
2026-09-17 14:24:02,39.9,88.3,82.6,107420136,1217761378
2026-09-17 14:24:08,61.2,88.3,82.6,107428016,1217761758
2026-09-17 14:24:14,30.7,88.4,82.6,107431449,1217762319
2026-09-17 14:24:20,97.9,89.5,82.6,107453469,1217780667
2026-09-17 14:24:26,50.4,91.1,82.6,107517539,1217883563
2026-09-17 14:24:32,61.9,90.0,82.6,107524955,1217898338
2026-09-17 14:24:38,44.5,89.7,82.6,107525351,1217898991
2026-09-17 14:24:44,40.4,89.8,82.6,107530050,1217900659
2026-09-17 14:24:51,45.6,90.0,82.6,107530308,1217901286
2026-09-17 14:24:57,48.3,89.7,82.6,107530779,1217901761
2026-09-17 14:25:03,54.1,89.6,82.6,107530998,1217902281
2026-09-17 14:25:09,44.1,89.6,82.6,107534964,1217902670
2026-09-17 14:25:15,45.2,89.8,82.6,107536216,1217904383
2026-09-17 14:25:21,69.8,91.0,82.6,107540745,1217909165
2026-09-17 14:25:27,53.1,91.8,82.6,107541853,1217909850
2026-09-17 14:25:33,52.4,92.0,82.6,107542516,1217910718
2026-09-17 14:25:39,48.5,93.2,82.6,107556179,1217929475
2026-09-17 14:25:45,79.0,93.7,82.6,107593680,1217947672
2026-09-17 14:25:51,75.8,94.1,82.6,107594648,1217948788
2026-09-17 14:25:58,54.9,93.8,82.6,107601028,1217979736
2026-09-17 14:26:04,80.1,94.6,82.6,107602095,1217981305
2026-09-17 14:26:10,57.7,93.3,82.6,107602222,1217981591
2026-09-17 14:26:16,80.0,91.6,82.6,107612746,1217984643
2026-09-17 14:26:22,55.4,92.2,82.6,107613452,1217985357
2026-09-17 14:26:28,100.0,95.0,82.6,107654305,1218004176
2026-09-17 14:26:34,100.0,92.5,82.6,107679576,1218012604
2026-09-17 14:26:40,48.1,93.4,82.6,107754828,1218135423
2026-09-17 14:26:46,98.5,91.3,82.6,107771280,1218160903
2026-09-17 14:26:52,99.6,90.3,82.6,107794876,1218202224
2026-09-17 14:26:58,39.5,86.7,82.6,107828082,1218236255
2026-09-17 14:27:04,98.5,88.6,82.6,107834953,1218333157
2026-09-17 14:27:10,52.7,88.6,82.6,107838687,1218334833
2026-09-17 14:27:16,48.3,89.2,82.6,107840847,1218337689
2026-09-17 14:27:23,68.7,90.3,82.6,107856109,1218346775
2026-09-17 14:27:29,48.3,88.6,82.6,107871388,1218351690
2026-09-17 14:27:35,71.8,88.9,82.6,107874344,1218354611
2026-09-17 14:27:41,67.4,88.8,82.6,107875071,1218355376
2026-09-17 14:27:47,87.5,88.6,82.6,107935493,1218367832
2026-09-17 14:27:53,75.9,89.1,82.6,108047879,1218463868
2026-09-17 14:27:59,92.2,89.9,82.6,108111210,1218489550
2026-09-17 14:28:05,89.1,91.4,82.6,108157250,1218521248
2026-09-17 14:28:11,66.8,92.6,82.6,108161338,1218534076
2026-09-17 14:28:17,88.0,93.4,82.6,108218141,1218550489
2026-09-17 14:28:23,74.0,93.2,82.6,108233074,1218562703
2026-09-17 14:28:29,67.9,94.5,82.6,108272940,1218580453
2026-09-17 14:28:35,47.5,93.4,82.6,108298015,1218593537
2026-09-17 14:28:41,88.2,94.4,82.6,108322886,1218601637
2026-09-17 14:28:47,38.0,94.8,82.6,108391765,1218617352
2026-09-17 14:28:53,36.8,95.3,82.6,108394277,1218625298
2026-09-17 14:28:59,61.1,95.2,82.6,108421633,1218627325
2026-09-17 14:29:05,49.6,94.0,82.6,108446754,1218640909
2026-09-17 14:29:11,83.8,90.3,82.6,108465074,1218658645
2026-09-17 14:29:17,74.7,89.0,82.6,108530972,1218699997
2026-09-17 14:29:24,39.5,90.1,82.6,108557805,1218735210
2026-09-17 14:29:30,99.3,91.8,82.6,108672665,1218777198
2026-09-17 14:29:36,66.8,92.9,82.6,108728349,1218786848
2026-09-17 14:29:42,45.9,93.1,82.6,108729071,1218787372
2026-09-17 14:29:48,47.3,93.2,82.6,108774116,1218805264
2026-09-17 14:29:54,94.4,95.0,82.6,108804772,1218834344
2026-09-17 14:30:00,52.3,95.3,82.6,108805659,1218835270
2026-09-17 14:30:06,67.4,94.1,82.6,108829584,1218842033
2026-09-17 14:30:12,36.5,93.9,82.6,108830718,1218843313
2026-09-17 14:30:18,78.2,95.1,82.6,108855721,1218856295
2026-09-17 14:30:24,68.0,94.6,82.6,108889149,1218902608
2026-09-17 14:30:30,65.5,92.6,82.6,108955818,1218946401
2026-09-17 14:30:36,70.1,91.0,82.6,108965655,1218949096
2026-09-17 14:30:42,54.5,91.6,82.6,108982066,1218951703
2026-09-17 14:30:48,71.5,91.2,82.6,108990453,1218953111
2026-09-17 14:30:54,51.1,89.4,82.6,109033012,1218976852
2026-09-17 14:31:00,52.7,91.8,82.6,109056313,1218999182
2026-09-17 14:31:06,95.9,92.1,82.6,109115045,1219046206
2026-09-17 14:31:12,40.2,93.5,82.6,109116645,1219055212
2026-09-17 14:31:19,40.6,94.7,82.6,109121872,1219064565
2026-09-17 14:31:25,39.7,94.8,82.6,109131816,1219074690
2026-09-17 14:31:31,29.2,94.5,82.6,109158868,1219080864
2026-09-17 14:31:37,73.6,94.9,82.6,109195955,1219092867
2026-09-17 14:31:43,58.6,93.4,82.6,109246558,1219120240
2026-09-17 14:31:49,38.8,93.3,82.6,109264181,1219125991
2026-09-17 14:31:55,96.1,90.7,82.6,109312255,1219144050
2026-09-17 14:32:01,41.9,84.3,82.6,109318574,1219153087
2026-09-17 14:32:07,68.1,83.5,82.6,109361544,1219258516
2026-09-17 14:32:13,75.3,83.4,82.6,109384963,1219270432
2026-09-17 14:32:19,46.7,83.3,82.6,109392083,1219279480
2026-09-17 14:32:25,46.4,83.1,82.6,109405068,1219284783
2026-09-17 14:32:31,100.0,84.1,82.6,109508844,1219380900
2026-09-17 14:32:37,61.4,84.6,82.6,109654177,1219419455
2026-09-17 14:32:43,97.3,84.5,82.6,109726259,1219447640
2026-09-17 14:32:49,79.7,84.5,82.6,109766756,1219453122
2026-09-17 14:32:55,47.9,85.6,82.6,109777916,1219457357
2026-09-17 14:33:01,99.6,86.3,82.6,109794680,1219461436
2026-09-17 14:33:07,42.1,86.1,82.6,109861519,1219474282
2026-09-17 14:33:13,49.8,86.0,82.6,109919602,1219486490
2026-09-17 14:33:20,95.1,86.0,82.6,109985139,1219514989
2026-09-17 14:33:26,97.4,85.2,82.6,110012399,1219517436
2026-09-17 14:33:32,74.1,86.2,82.6,110032323,1219538665
2026-09-17 14:33:38,42.3,86.4,82.6,110070931,1219549226
2026-09-17 14:33:44,95.6,86.7,82.6,110093807,1219552880
2026-09-17 14:33:50,56.3,87.6,82.6,110101332,1219574619
2026-09-17 14:33:56,95.0,86.0,82.6,110145215,1219622936
2026-09-17 14:34:02,100.0,86.6,82.6,110249165,1219969412
2026-09-17 14:34:08,100.0,88.5,82.6,110329231,1220504130
2026-09-17 14:34:14,100.0,89.7,82.6,110390535,1220519303
2026-09-17 14:34:20,52.1,87.9,82.6,110509499,1220625774
2026-09-17 14:34:26,36.3,86.5,82.6,110621842,1220724657
2026-09-17 14:34:33,99.2,85.4,82.6,110768972,1220753986
2026-09-17 14:34:39,27.9,84.5,82.6,110788120,1220758198
2026-09-17 14:34:45,76.7,84.6,82.6,110831272,1220792139
2026-09-17 14:34:51,37.0,84.5,82.6,110831848,1220792901
2026-09-17 14:34:57,37.5,84.4,82.6,110855054,1220797479
2026-09-17 14:35:03,78.0,85.3,82.6,110887845,1220804998
2026-09-17 14:35:09,29.7,85.0,82.6,110909895,1220816371
2026-09-17 14:35:15,48.4,84.7,82.6,110913305,1220818122
2026-09-17 14:35:21,42.6,84.7,82.6,110913305,1220818330
2026-09-17 14:35:27,36.4,84.7,82.6,110952136,1220838202
2026-09-17 14:35:33,63.2,84.9,82.6,110967980,1220844334
2026-09-17 14:35:39,23.0,85.1,82.6,110989164,1220851679
2026-09-17 14:35:45,77.1,84.7,82.6,110992112,1220854555
2026-09-17 14:35:51,45.2,84.3,82.6,110992798,1220855117
2026-09-17 14:35:57,81.6,85.0,82.6,110999482,1220870281
2026-09-17 14:36:03,90.0,84.9,82.6,110999895,1220870990
2026-09-17 14:36:09,100.0,85.5,82.6,111057007,1220916946
2026-09-17 14:36:15,92.3,85.3,82.6,111079145,1220935693
2026-09-17 14:36:21,48.6,85.8,82.6,111100958,1220939474
2026-09-17 14:36:27,61.7,86.5,82.6,111119937,1220974318
2026-09-17 14:36:34,34.1,86.4,82.6,111145308,1220982151
2026-09-17 14:36:40,51.4,85.1,82.6,111149726,1220983755
2026-09-17 14:36:46,56.9,86.6,82.6,111181209,1221083436
2026-09-17 14:36:52,46.5,86.5,82.6,111191578,1221084830
2026-09-17 14:36:58,96.6,84.4,82.6,111192960,1221087013
2026-09-17 14:37:04,69.7,84.4,82.6,111290806,1221325800
2026-09-17 14:37:10,45.0,84.7,82.6,111308268,1221343128
2026-09-17 14:37:16,44.8,84.5,82.6,111317312,1221353086
2026-09-17 14:37:22,47.3,84.5,82.6,111317626,1221356589
2026-09-17 14:37:28,48.6,84.8,82.6,111318791,1221358186
2026-09-17 14:37:34,76.5,85.1,82.6,111375059,1221477242
2026-09-17 14:37:40,47.3,85.3,82.6,111420414,1221493270
2026-09-17 14:37:46,82.3,86.0,82.6,111469748,1221506997
2026-09-17 14:37:52,74.5,86.1,82.6,111471387,1221508791
2026-09-17 14:37:58,64.8,86.2,82.6,111473208,1221514200
2026-09-17 14:38:04,68.9,86.8,82.6,111491148,1221518759
2026-09-17 14:38:10,45.4,86.7,82.6,111504557,1221530160
2026-09-17 14:38:16,68.8,87.4,82.6,111515671,1221542397
2026-09-17 14:38:22,59.0,87.6,82.6,111538055,1221556005
2026-09-17 14:38:28,39.9,87.4,82.6,111538499,1221556473
2026-09-17 14:38:34,45.0,87.1,82.6,111574173,1221564809
2026-09-17 14:38:40,50.6,86.8,82.6,111574821,1221565307
2026-09-17 14:38:46,57.8,86.7,82.6,111587156,1221570102
2026-09-17 14:38:53,37.6,86.6,82.6,111587607,1221570565
2026-09-17 14:38:59,43.2,86.5,82.6,111587704,1221570827
2026-09-17 14:39:05,39.5,87.1,82.6,111611950,1221594836
2026-09-17 14:39:11,72.9,87.2,82.6,111678881,1221601049
2026-09-17 14:39:17,54.1,87.3,82.6,111854145,1221754865
2026-09-17 14:39:23,42.7,87.2,82.6,111894436,1221797952
2026-09-17 14:39:29,51.4,86.4,82.6,111918912,1221800601
2026-09-17 14:39:35,72.4,86.7,82.6,111959293,1221814074
2026-09-17 14:39:41,68.2,86.7,82.6,111999413,1221820627
2026-09-17 14:39:47,59.5,86.6,82.6,112046362,1221830865
2026-09-17 14:39:53,66.3,86.7,82.6,112184546,1221936938
2026-09-17 14:39:59,71.0,87.1,82.6,112278860,1221974970
2026-09-17 14:40:05,49.4,87.8,82.6,112318395,1222018163
2026-09-17 14:40:11,51.2,87.6,82.6,112342693,1222022682
2026-09-17 14:40:17,42.1,87.2,82.6,112389151,1222030147
2026-09-17 14:40:23,39.1,87.4,82.6,112412254,1222034179
2026-09-17 14:40:29,51.9,87.2,82.6,112426015,1222036192
2026-09-17 14:40:35,42.0,86.9,82.6,112442512,1222040271
2026-09-17 14:40:41,37.5,86.3,82.6,112442999,1222040846
2026-09-17 14:40:47,50.6,86.6,82.6,112454731,1222150481
2026-09-17 14:40:53,43.2,86.0,82.6,112479997,1222233226
2026-09-17 14:40:59,36.0,85.9,82.6,112504283,1222240579
2026-09-17 14:41:05,37.5,86.2,82.6,112533944,1222266886
2026-09-17 14:41:12,41.5,86.3,82.6,112544752,1222268231
2026-09-17 14:41:18,45.7,86.3,82.6,112545480,1222271190
2026-09-17 14:41:24,51.9,86.5,82.6,112545912,1222271722
2026-09-17 14:41:30,55.8,87.6,82.6,112577133,1222291179
2026-09-17 14:41:36,63.5,86.5,82.6,112669388,1222322900
2026-09-17 14:41:42,55.9,84.7,82.6,112725279,1222350287
2026-09-17 14:41:48,94.7,85.0,82.6,113072755,1222552886
2026-09-17 14:41:54,91.6,84.1,82.6,113089544,1222570945
2026-09-17 14:42:00,100.0,83.7,82.6,113324994,1222640550
2026-09-17 14:42:06,54.6,83.5,82.6,113366151,1222727959
2026-09-17 14:42:12,71.5,83.5,82.6,113434125,1222810829
2026-09-17 14:42:18,72.4,83.6,82.6,113525349,1222832399
2026-09-17 14:42:24,51.9,83.6,82.6,113534574,1222840777
2026-09-17 14:42:30,48.0,83.3,82.6,113534996,1222841017
2026-09-17 14:42:36,48.4,82.1,82.6,113582948,1222850828
2026-09-17 14:42:42,72.0,82.4,82.6,113598393,1222874720
2026-09-17 14:42:48,57.8,82.1,82.6,113598674,1222875067
2026-09-17 14:42:54,50.4,81.8,82.6,113599421,1222875681
2026-09-17 14:43:00,43.0,81.8,82.6,113601962,1222877273
2026-09-17 14:43:06,82.4,82.9,82.6,113612589,1222881991
2026-09-17 14:43:12,100.0,83.2,82.6,113629187,1222887649
2026-09-17 14:43:18,77.7,83.0,82.6,113643033,1222892850
2026-09-17 14:43:24,75.1,82.4,82.6,113645102,1222893908
2026-09-17 14:43:31,100.0,82.9,82.6,113647953,1222895852
2026-09-17 14:43:37,54.0,82.8,82.6,113663324,1222900644
2026-09-17 14:43:43,67.7,83.1,82.6,113665844,1222901888
2026-09-17 14:43:49,86.4,82.7,82.6,113678231,1222904691
2026-09-17 14:43:55,91.5,82.2,82.6,113679895,1222905330
2026-09-17 14:44:01,40.9,81.9,82.6,113704073,1222910009
2026-09-17 14:44:07,40.3,82.1,82.6,113705989,1222911394
2026-09-17 14:44:13,76.4,82.4,82.6,113709416,1222913208
2026-09-17 14:44:19,93.8,83.0,82.6,113731046,1222926351
2026-09-17 14:44:25,84.4,82.8,82.6,113745658,1222928580
2026-09-17 14:44:31,41.5,82.7,82.6,113769287,1222934181
2026-09-17 14:44:37,40.9,82.8,82.6,113775505,1222934653
2026-09-17 14:44:43,97.3,83.1,82.6,113783664,1222936516
2026-09-17 14:44:49,96.2,84.9,82.6,113792157,1222937902
2026-09-17 14:44:55,65.0,84.2,82.6,113798711,1222938945
2026-09-17 14:45:01,43.0,83.3,82.6,113810726,1222940522
2026-09-17 14:45:07,42.8,83.3,82.6,113812437,1222941458
2026-09-17 14:45:13,60.5,83.6,82.6,113815861,1222943280
2026-09-17 14:45:19,67.3,83.7,82.6,113838363,1222946271
2026-09-17 14:45:25,58.7,83.8,82.6,113851324,1222947508
2026-09-17 14:45:31,35.2,83.8,82.6,113852641,1222948349
2026-09-17 14:45:37,70.2,83.5,82.6,113873084,1222961331
2026-09-17 14:45:43,61.9,83.7,82.6,113876062,1222962932
2026-09-17 14:45:49,61.9,84.0,82.6,113895869,1222974251
2026-09-17 14:45:55,64.4,84.0,82.6,113934099,1223012035
2026-09-17 14:46:01,100.0,84.5,82.6,114003889,1223117208
2026-09-17 14:46:08,82.1,82.3,82.6,114049638,1223185322
2026-09-17 14:46:14,75.9,79.1,82.6,114050085,1223185376
2026-09-17 14:46:20,44.2,79.4,82.6,114079814,1223198455
2026-09-17 14:46:26,55.2,80.0,82.6,114098104,1223233389
2026-09-17 14:46:32,52.5,80.5,82.6,114111360,1223252942
2026-09-17 14:46:38,100.0,79.8,82.6,114130027,1223287390
2026-09-17 14:46:44,48.8,80.2,82.6,114156434,1223338652
2026-09-17 14:46:50,80.2,80.2,82.6,114159315,1223340037
2026-09-17 14:46:56,95.4,80.0,82.6,114160904,1223340830
2026-09-17 14:47:02,72.5,80.0,82.6,114170761,1223353823
2026-09-17 14:47:08,46.1,79.9,82.6,114178932,1223451275
2026-09-17 14:47:14,88.8,80.0,82.6,114316703,1223475456
2026-09-17 14:47:20,88.8,80.7,82.6,114319269,1223476886
2026-09-17 14:47:26,100.0,83.0,82.6,114340543,1223511842
2026-09-17 14:47:32,100.0,84.8,82.6,114391517,1223556298
2026-09-17 14:47:38,100.0,84.8,82.6,114495559,1223584952
2026-09-17 14:47:44,91.6,85.4,82.6,114500583,1223594974
2026-09-17 14:47:50,41.2,84.3,82.6,114505870,1223616655
2026-09-17 14:47:56,51.9,83.6,82.6,114510457,1223636834
2026-09-17 14:48:03,49.8,83.4,82.6,114558224,1224659747
2026-09-17 14:48:09,65.4,84.5,82.6,114576822,1224802184
2026-09-17 14:48:15,100.0,86.0,82.6,114600044,1224813341
2026-09-17 14:48:21,65.8,86.1,82.6,114625411,1224824606
2026-09-17 14:48:27,34.4,85.2,82.6,114628664,1224827584
2026-09-17 14:48:33,31.0,84.7,82.6,114631930,1224829806
2026-09-17 14:48:39,30.5,84.7,82.6,114643442,1224832428
2026-09-17 14:48:45,78.5,84.8,82.6,114648536,1224833972
2026-09-17 14:48:51,45.4,85.0,82.6,114669071,1224841661
2026-09-17 14:48:57,32.0,85.1,82.6,114669758,1224842245
2026-09-17 14:49:03,60.5,85.3,82.6,114670347,1224842738
2026-09-17 14:49:09,100.0,85.6,82.6,114721964,1224931531
2026-09-17 14:49:15,33.9,85.2,82.6,114732705,1224934808
2026-09-17 14:49:21,81.1,85.6,82.6,114741486,1224938101
2026-09-17 14:49:27,36.4,85.6,82.6,114742040,1224939298
2026-09-17 14:49:33,31.9,84.9,82.6,114743440,1224940626
2026-09-17 14:49:39,89.8,84.7,82.6,114766794,1224945796
2026-09-17 14:49:45,32.2,84.4,82.6,114774259,1224954768
2026-09-17 14:49:51,65.3,85.3,82.6,114796130,1224966079
2026-09-17 14:49:57,44.2,85.4,82.6,114823680,1224990503
2026-09-17 14:50:03,43.6,85.2,82.6,114826798,1224992088
2026-09-17 14:50:09,86.8,85.6,82.6,114837361,1224993973
2026-09-17 14:50:15,82.0,85.6,82.6,114850902,1224998876
2026-09-17 14:50:22,85.4,85.8,82.6,114851152,1224999122
2026-09-17 14:50:28,39.0,85.0,82.6,114854357,1225000829
2026-09-17 14:50:34,46.1,84.9,82.6,114854783,1225001054
2026-09-17 14:50:40,50.0,84.8,82.6,114882576,1225027257
2026-09-17 14:50:46,59.2,85.3,82.6,114904136,1225032626
2026-09-17 14:50:52,70.1,85.0,82.6,114907359,1225034916
2026-09-17 14:50:58,45.5,85.4,82.6,114911437,1225038424
2026-09-17 14:51:04,80.2,85.5,82.6,114911539,1225038596
2026-09-17 14:51:10,37.8,85.4,82.6,114915244,1225040788
2026-09-17 14:51:16,18.3,85.6,82.6,114942933,1225053953
2026-09-17 14:51:22,34.1,85.3,82.6,114973752,1225082508
2026-09-17 14:51:28,29.0,85.2,82.6,114973752,1225082508
2026-09-17 14:51:34,44.0,85.3,82.6,114989186,1225088508
2026-09-17 14:51:40,6.6,85.3,82.6,114989261,1225088594
2026-09-17 14:51:46,71.3,85.2,82.6,114992526,1225090571
2026-09-17 14:51:52,11.5,85.3,82.6,114992914,1225090770
2026-09-17 14:51:58,51.0,85.3,82.6,114996132,1225092821
2026-09-17 14:52:04,24.1,84.8,82.6,115009219,1225097381
2026-09-17 14:52:10,67.3,84.8,82.6,115028217,1225206983
2026-09-17 14:52:16,20.7,84.6,82.6,115039744,1225211544
2026-09-17 14:52:22,69.4,84.5,82.6,115042613,1225213215
2026-09-17 14:52:28,7.8,84.7,82.6,115043550,1225214259
2026-09-17 14:52:34,74.8,84.6,82.6,115048082,1225218715
2026-09-17 14:52:40,19.8,84.5,82.6,115048564,1225219036
2026-09-17 14:52:46,61.5,84.3,82.6,115063372,1225225058
2026-09-17 14:52:52,10.4,84.3,82.6,115064002,1225225637
2026-09-17 14:52:58,54.9,84.4,82.6,115078600,1225228097
2026-09-17 14:53:04,15.2,84.6,82.6,115078702,1225228269
2026-09-17 14:53:10,50.2,84.4,82.6,115082693,1225230772
2026-09-17 14:53:16,9.4,84.5,82.6,115093561,1225234250
2026-09-17 14:53:22,37.4,84.1,82.6,115096892,1225236257
2026-09-17 14:53:28,12.9,84.1,82.6,115096892,1225236257
2026-09-17 14:53:34,65.0,84.3,82.6,115111781,1225238773
2026-09-17 14:53:40,27.9,84.6,82.6,115112463,1225239476
2026-09-17 14:53:46,71.2,84.6,82.6,115141674,1225259235
2026-09-17 14:53:52,7.8,84.5,82.6,115142984,1225260069
2026-09-17 14:53:58,78.5,83.8,82.6,115145914,1225261786
2026-09-17 14:54:04,10.9,84.3,82.6,115149169,1225264202
2026-09-17 14:54:10,96.5,85.1,82.6,115152171,1225266033
2026-09-17 14:54:16,9.7,84.6,82.6,115170066,1225288323
2026-09-17 14:54:22,80.1,85.0,82.6,115173277,1225290613
2026-09-17 14:54:28,5.0,84.4,82.6,115173673,1225290848
2026-09-17 14:54:34,80.4,84.9,82.6,115178086,1225297510
2026-09-17 14:54:41,5.8,84.4,82.6,115179556,1225298184
2026-09-17 14:54:47,77.0,84.5,82.6,115203596,1225302343
2026-09-17 14:54:53,16.2,84.4,82.6,115203926,1225302578
2026-09-17 14:54:59,86.9,85.1,82.6,115225252,1225320633
2026-09-17 14:55:05,7.8,84.6,82.6,115229001,1225320933
2026-09-17 14:55:11,66.9,84.5,82.6,115239555,1225323288
2026-09-17 14:55:17,20.2,84.7,82.6,115253097,1225326560
2026-09-17 14:55:23,63.2,84.8,82.6,115258291,1225332145
2026-09-17 14:55:29,5.8,84.5,82.6,115258524,1225332435
2026-09-17 14:55:35,100.0,85.9,82.6,115262738,1225334307
2026-09-17 14:55:41,40.8,85.5,82.6,115286297,1225358618
2026-09-17 14:55:47,71.3,85.4,82.6,115298091,1225363488
2026-09-17 14:55:53,46.2,85.4,82.6,115301223,1225365778
2026-09-17 14:55:59,100.0,85.7,82.6,115305836,1225378808
2026-09-17 14:56:05,79.2,85.9,82.6,115309245,1225380911
2026-09-17 14:56:11,27.7,85.6,82.6,115309977,1225381749
2026-09-17 14:56:17,60.5,85.8,82.6,115341188,1225411433
2026-09-17 14:56:23,11.3,85.4,82.6,115341553,1225411875
2026-09-17 14:56:29,88.4,86.2,82.6,115366964,1225414540
2026-09-17 14:56:35,27.3,85.2,82.6,115367464,1225414839
2026-09-17 14:56:41,84.4,85.6,82.6,115383885,1225420500
2026-09-17 14:56:47,5.9,85.2,82.6,115420022,1225465147
2026-09-17 14:56:53,74.2,85.6,82.6,115445043,1225501236
2026-09-17 14:56:59,20.2,85.7,82.6,115445494,1225501537
2026-09-17 14:57:05,60.1,83.1,82.6,115448600,1225503580
2026-09-17 14:57:11,21.2,83.2,82.6,115469943,1225617936
2026-09-17 14:57:17,38.4,83.0,82.6,115483692,1225623299
2026-09-17 14:57:23,10.9,83.3,82.6,115484481,1225623964
2026-09-17 14:57:29,45.9,83.3,82.6,115487471,1225625904
2026-09-17 14:57:35,20.1,83.0,82.6,115488576,1225626981
2026-09-17 14:57:41,32.0,82.8,82.6,115491555,1225628698
2026-09-17 14:57:47,44.1,83.1,82.6,115501578,1225630733
2026-09-17 14:57:53,62.8,83.3,82.6,115518694,1225641875
2026-09-17 14:57:59,17.8,83.3,82.6,115518996,1225642245
2026-09-17 14:58:05,40.7,83.3,82.6,115533760,1225645134
2026-09-17 14:58:11,32.5,84.7,82.6,115533918,1225645353
2026-09-17 14:58:17,37.5,84.3,82.6,115565866,1225660425
2026-09-17 14:58:23,24.9,84.2,82.6,115566152,1225660869
2026-09-17 14:58:29,44.0,84.5,82.6,115569712,1225662990
2026-09-17 14:58:36,6.2,84.7,82.6,115570643,1225664177
2026-09-17 14:58:42,51.4,84.5,82.6,115574328,1225666570
2026-09-17 14:58:48,26.2,84.5,82.6,115584671,1225669094
2026-09-17 14:58:54,41.5,84.2,82.6,115587587,1225670690
2026-09-17 14:59:00,30.9,84.8,82.6,115588113,1225671239
2026-09-17 14:59:06,100.0,85.9,82.6,115660239,1225781853
2026-09-17 14:59:12,41.1,84.9,82.6,115678993,1225799732
2026-09-17 14:59:18,56.2,85.2,82.6,115690738,1225803293
2026-09-17 14:59:24,73.0,85.3,82.6,115695147,1225809851
2026-09-17 14:59:30,20.6,85.4,82.6,115709717,1225813212
2026-09-17 14:59:36,89.1,85.2,82.6,115724744,1225818345
2026-09-17 14:59:42,52.8,85.3,82.6,115823341,1225831862
2026-09-17 14:59:48,98.1,86.7,82.6,115941771,1225985424
2026-09-17 14:59:54,56.2,86.5,82.6,115997878,1226004489
2026-09-17 15:00:00,100.0,85.9,82.6,116007411,1226038445
2026-09-17 15:00:06,98.1,86.6,82.6,116010502,1226052745
2026-09-17 15:00:12,57.1,87.2,82.6,116055008,1226065340
2026-09-17 15:00:18,100.0,87.7,82.6,116070355,1226085960
2026-09-17 15:00:24,42.4,87.9,82.6,116148476,1226093457
2026-09-17 15:00:30,70.8,86.9,82.6,116163308,1226106906
2026-09-17 15:00:36,21.8,83.3,82.6,116195914,1226142523
2026-09-17 15:00:42,86.9,82.0,82.6,116222533,1226150428
2026-09-17 15:00:48,19.7,82.2,82.6,116223173,1226151183
2026-09-17 15:00:54,69.4,82.3,82.6,116263581,1226169990
2026-09-17 15:01:00,26.9,82.3,82.6,116286284,1226173997
2026-09-17 15:01:06,52.5,81.9,82.6,116289723,1226176059
2026-09-17 15:01:12,19.9,82.0,82.6,116296684,1226176426
2026-09-17 15:01:18,42.2,81.9,82.6,116335021,1226181935
2026-09-17 15:01:24,44.9,81.8,82.6,116335505,1226182395
2026-09-17 15:01:30,42.2,82.0,82.6,116360576,1226187192
2026-09-17 15:01:36,48.9,82.3,82.6,116361092,1226187370
2026-09-17 15:01:42,84.2,82.3,82.6,116378439,1226192716
2026-09-17 15:01:48,54.4,81.8,82.6,116378571,1226193281
2026-09-17 15:01:54,66.2,81.8,82.6,116382073,1226195221
2026-09-17 15:02:00,39.1,81.9,82.6,116412698,1226207073
2026-09-17 15:02:06,66.3,79.7,82.6,116416956,1226212274
2026-09-17 15:02:12,22.5,79.6,82.6,116435219,1226323187
2026-09-17 15:02:18,54.8,79.4,82.6,116448870,1226328143
2026-09-17 15:02:25,39.7,79.9,82.6,116449516,1226328835
2026-09-17 15:02:31,57.1,80.0,82.6,116464325,1226366492
2026-09-17 15:02:37,19.8,80.1,82.6,116465222,1226367038
2026-09-17 15:02:43,54.4,80.4,82.6,116468091,1226368648
2026-09-17 15:02:49,52.1,80.4,82.6,116478173,1226370959
2026-09-17 15:02:55,40.7,79.8,82.6,116481206,1226372607
2026-09-17 15:03:01,17.8,79.7,82.6,116481930,1226373312
2026-09-17 15:03:07,59.3,79.9,82.6,116496987,1226375995
2026-09-17 15:03:13,35.0,80.0,82.6,116497355,1226376382
2026-09-17 15:03:19,52.9,79.3,82.6,116518704,1226391160
2026-09-17 15:03:25,20.0,79.8,82.6,116519386,1226392522
2026-09-17 15:03:31,55.4,79.8,82.6,116528218,1226406570
2026-09-17 15:03:37,22.8,80.1,82.6,116528767,1226407240
2026-09-17 15:03:43,54.2,80.0,82.6,116532180,1226409373
2026-09-17 15:03:49,80.3,81.0,82.6,116596154,1226513555
2026-09-17 15:03:55,45.4,77.0,82.6,116798496,1227665966
2026-09-17 15:04:01,94.2,80.2,82.6,116847826,1228411702
